Site_code,River_name,MaCHT_type,W_CATCH,W_SLOPE,W_STRAHL,W_ALT,outside_Eu,Atlantic_B,Continenta,Pannonian,Steppic_Bi,Mediterran,Alpine_Bio,Boreal_Bio,Black_Sea,F17,calcerious,silicious,other
AT_119,Schwarzaubach,1,5,32,1,626,0,0,0,0,0,0,1,0,0,0,1,0,0
AT_1234,Lammer,2,115,16,4,654,0,0,0,0,0,0,1,0,0,0,0,1,0
AT_244,Grossarler Ache,1,37,10,3,1037,0,0,0,0,0,0,1,0,0,0,1,0,0
AT_263,Lafnitz,2,30,26,3,706,0,0,0,0,0,0,1,0,0,0,0,1,0
AT_2927,Salza,3,69,2,3,792,0,0,0,0,0,0,1,0,0,0,1,0,0
AT_2928,Salza,1,320,10,5,723,0,0,0,0,0,0,1,0,0,0,1,0,0
AT_3200,Erlauf,3,149,0,3,530,0,0,0,0,0,0,1,0,0,0,1,0,0
AT_3947,Schwarza,1,261,9,4,572,0,0,0,0,0,0,1,0,0,0,1,0,0
AT_43,Krumme Steyrling,1,38,34,3,626,0,0,0,0,0,0,1,0,0,0,1,0,0
AT_4599,M?hrische Thaya,4,632,2,3,416,0,0,1,0,0,0,0,0,0,0,0,1,0
AT_4678,Schwarza,1,309,7,4,526,0,0,0,0,0,0,1,0,0,0,1,0,0
AT_4885,Vellach,3,227,5,5,416,0,0,0,0,0,0,1,0,0,0,1,0,0
AT_5202,Mur,2,3346,3,6,629,0,0,0,0,0,0,1,0,0,0,0,1,0
AT_5342,Wimitzbach,2,68,14,3,688,0,0,0,0,0,0,1,0,0,0,0,1,0
AT_56,Fuscherache,1,40,13,3,1260,0,0,0,0,0,0,1,0,0,0,1,0,0
AT_5616,Lavant,2,969,9,5,353,0,0,0,0,0,0,1,0,0,0,0,1,0
AT_5759,Pinka,4,702,2,4,232,0,0,1,0,0,0,0,0,0,0,0,1,0
AT_5781,Feistritz,2,295,10,4,546,0,0,0,0,0,0,1,0,0,0,0,1,0
AT_5783,Lamnitzbach,2,20,15,3,1082,0,0,0,0,0,0,1,0,0,0,0,1,0
AT_595,Erlauf,1,190,29,3,478,0,0,0,0,0,0,1,0,0,0,1,0,0
AT_676,Randobach,1,10,61,2,934,0,0,0,0,0,0,1,0,0,0,1,0,0
AT_728,Reichramingbach,3,134,9,4,406,0,0,0,0,0,0,1,0,0,0,1,0,0
AT_827,Moertlbach,1,5,94,2,858,0,0,0,0,0,0,1,0,0,0,1,0,0
AT_872,Klausbach,2,13,21,1,604,0,0,0,0,0,0,1,0,0,0,0,1,0
AT_879,Isar,1,147,18,4,1013,0,0,0,0,0,0,1,0,0,0,1,0,0
AT_886,Frutz,1,8,58,3,1174,0,0,0,0,0,0,1,0,0,0,1,0,0
AT_891,Lutz,1,68,24,4,826,0,0,0,0,0,0,1,0,0,0,1,0,0
CZAOPK_2004,Kamenice,5,218,32,4,148,0,0,1,0,0,0,0,0,0,0,0,1,0
CZAOPK_2026,Moravskˇ Sˇza,4,440,3,4,302,0,0,1,0,0,0,0,0,0,0,0,1,0
CZAOPK_2028,Oslava,5,802,6,4,274,0,0,1,0,0,0,0,0,0,0,0,1,0
CZAOPK_2031,Oslava,5,735,1,4,290,0,0,1,0,0,0,0,0,0,0,0,1,0
CZAOPK_2034,Rokytnˇ,4,316,4,3,340,0,0,1,0,0,0,0,0,0,0,0,1,0
CZAOPK_2039,Velicka,6,89,8,2,238,0,0,1,0,0,0,0,0,0,0,1,0,0
CZREF_034,Berounka,4,7430,1,6,239,0,0,1,0,0,0,0,0,0,0,0,1,0
CZREF_052,JezernÛ potok,5,8,27,1,516,0,0,1,0,0,0,0,0,0,0,1,0,0
CZREF_073,Litava,5,17,11,1,290,0,0,1,0,0,0,0,0,0,0,1,0,0
CZREF_086,Moravice,4,654,9,4,320,0,0,1,0,0,0,0,0,0,0,0,1,0
CZREF_091,Odra,4,1021,1,4,228,0,0,1,0,0,0,0,0,0,0,0,1,0
CZREF_120,TÛsnavskÿ pot,5,26,17,2,560,0,0,1,0,0,0,0,0,0,0,1,0,0
CZREF_127,Vlˇra,6,297,5,4,288,0,0,1,0,0,0,0,0,0,0,1,0,0
CZREF_165,Rasovka,7,3,94,1,911,0,0,1,0,0,0,0,0,0,0,0,1,0
EE_10131_3,Purtsi,8,79,3,3,56,0,0,0,0,0,0,0,1,0,0,0,1,0
EE_10365_2,Elva,8,111,3,3,90,0,0,0,0,0,0,0,1,0,0,0,1,0
EE_10374_1,Laguja,8,41,7,2,67,0,0,0,0,0,0,0,1,0,0,0,1,0
EE_10526_1,Kullavere,8,148,2,3,46,0,0,0,0,0,0,0,1,0,0,0,1,0
EE_10526_2,Kullavere,8,232,1,3,40,0,0,0,0,0,0,0,1,0,0,0,1,0
EE_10599_1,Tagajogi,8,311,3,3,41,0,0,0,0,0,0,0,1,0,0,1,0,0
EE_11196_1,Paadrema,9,270,1,3,17,0,0,0,0,0,0,0,1,0,0,1,0,0
EE_11409_1,Kopu,8,79,3,3,72,0,0,0,0,0,0,0,1,0,0,0,1,0
EE_11459_2,KÅlge,8,66,2,1,52,0,0,0,0,0,0,0,1,0,0,0,1,0
EE_11468_2,L?hkma,9,205,1,2,14,0,0,0,0,0,0,0,1,0,0,1,0,0
EE_11581_1,Peeli,8,97,1,2,74,0,0,0,0,0,0,0,1,0,0,0,1,0
ES_06_0001,Mundo,10,20,44,2,1118,0,0,0,0,0,1,0,0,0,0,1,0,0
ES_06_0009,Endrinales,10,24,31,2,1218,0,0,0,0,0,1,0,0,0,0,1,0,0
ES_06_0015,Tus,11,107,10,3,813,0,0,0,0,0,1,0,0,0,0,0,1,0
ES_07_0017,Escabas,10,344,11,3,788,0,0,0,0,0,1,0,0,0,0,0,1,0
ES_08_0001,AragÙn-Subordˇn,2,54,7,3,1216,0,0,0,0,0,0,1,0,0,0,0,1,0
ES_08_0002,AragÙn-Subordˇn,2,81,25,3,1094,0,0,0,0,0,0,1,0,0,0,0,1,0
ES_08_0008,Veral,10,54,50,4,1076,0,0,0,0,0,1,0,0,0,0,1,0,0
ES_08_0014,OsÛa,1,28,60,3,1108,0,0,0,0,0,0,1,0,0,0,1,0,0
ES_20_0021,Neila,10,90,16,4,966,0,0,0,0,0,1,0,0,0,0,1,0,0
ES_22_0002,Ezkurra,9,21,1,3,428,0,1,0,0,0,0,0,0,0,0,1,0,0
ES_23_0018,Santa MarÛa,11,63,27,4,428,0,0,0,0,0,1,0,0,0,0,0,1,0
ES_31_0002,El Bosque,10,21,38,2,349,0,0,0,0,0,1,0,0,0,0,1,0,0
ES_32_0008,Tormes,11,864,4,5,986,0,0,0,0,0,1,0,0,0,0,0,1,0
ES_32_0014,Garganta de los Caballeros,10,142,9,4,1052,0,0,0,0,0,1,0,0,0,0,0,1,0
ES_34_0012,Castril,10,74,11,2,958,0,0,0,0,0,1,0,0,0,0,1,0,0
ES_34_0020,Genil,10,81,50,3,1170,0,0,0,0,0,1,0,0,0,0,0,1,0
ES_34_0026,Trev?lez,10,76,39,3,1437,0,0,0,0,0,1,0,0,0,0,0,1,0
ES_35_0039,Eo,7,94,23,4,382,0,1,0,0,0,0,0,0,0,0,0,1,0
ES_35_0057,Penide,7,10,77,1,544,0,1,0,0,0,0,0,0,0,0,0,1,0
ES_35_0139,Baleo,7,32,14,2,71,0,1,0,0,0,0,0,0,0,0,0,1,0
ES_35_0146,Mera,7,50,14,2,179,0,1,0,0,0,0,0,0,0,0,0,1,0
ES_35_0152,Das Mestas,7,68,10,3,32,0,1,0,0,0,0,0,0,0,0,0,1,0
ES_35_0156,Xubia,7,82,4,3,54,0,1,0,0,0,0,0,0,0,0,0,1,0
ES_35_0167,Eume,7,35,9,2,603,0,1,0,0,0,0,0,0,0,0,0,1,0
ES_35_0200,Ramalleira,7,14,9,1,502,0,1,0,0,0,0,0,0,0,0,0,1,0
ES_35_0209,Zarzo,7,36,29,1,247,0,1,0,0,0,0,0,0,0,0,0,1,0
ES_35_0216,Mendo,7,90,9,2,46,0,1,0,0,0,0,0,0,0,0,0,1,0
ES_35_0221,Mero,7,65,7,2,102,0,1,0,0,0,0,0,0,0,0,0,1,0
ES_35_0251,Rosende,7,73,4,2,112,0,1,0,0,0,0,0,0,0,0,0,1,0
ES_35_0270,Vilar,7,46,4,2,175,0,1,0,0,0,0,0,0,0,0,0,1,0
ES_35_0275,Castro,7,53,12,2,130,0,1,0,0,0,0,0,0,0,0,0,1,0
ES_35_0288,Maronas,12,41,2,2,302,0,1,0,0,0,0,0,0,0,0,0,0,1
ES_35_0297,Tines,7,31,20,3,66,0,1,0,0,0,0,0,0,0,0,0,1,0
ES_35_0300,Tambre,7,74,11,2,418,0,1,0,0,0,0,0,0,0,0,0,1,0
ES_35_0313,Tambre,7,250,3,3,276,0,1,0,0,0,0,0,0,0,0,0,1,0
ES_35_0316,Tambre,7,579,1,3,238,0,1,0,0,0,0,0,0,0,0,0,1,0
ES_35_0334,Sionlla,7,66,6,2,228,0,1,0,0,0,0,0,0,0,0,0,1,0
ES_35_0338,Barcala,7,54,5,2,170,0,1,0,0,0,0,0,0,0,0,0,1,0
ES_35_0345,SÙnora,7,50,34,2,182,0,1,0,0,0,0,0,0,0,0,0,1,0
ES_35_0351,Beluso,7,20,16,2,19,0,1,0,0,0,0,0,0,0,0,0,1,0
ES_35_0405,Beseno,7,17,24,1,244,0,1,0,0,0,0,0,0,0,0,0,1,0
ES_35_0445,Vea,7,28,9,2,54,0,1,0,0,0,0,0,0,0,0,0,1,0
ES_35_0446,Pereiro,7,38,14,1,148,0,1,0,0,0,0,0,0,0,0,0,1,0
ES_35_0465,Rois,7,47,9,3,21,0,1,0,0,0,0,0,0,0,0,0,1,0
ES_35_0466,Valga,7,25,10,3,44,0,1,0,0,0,0,0,0,0,0,0,1,0
ES_35_0474,Umia,7,81,6,3,345,0,1,0,0,0,0,0,0,0,0,0,1,0
ES_35_0489,Agra,7,30,17,2,120,0,1,0,0,0,0,0,0,0,0,0,1,0
ES_35_0501,L?rez,7,156,6,3,322,0,1,0,0,0,0,0,0,0,0,0,1,0
ES_35_0505,L?rez,7,284,2,3,40,0,1,0,0,0,0,0,0,0,0,0,1,0
ES_35_0525,Granda,7,9,18,1,56,0,1,0,0,0,0,0,0,0,0,0,1,0
ES_35_0533,Verdugo,7,56,7,3,384,0,1,0,0,0,0,0,0,0,0,0,1,0
ES_35_0550,Barragˇn,7,12,21,2,324,0,1,0,0,0,0,0,0,0,0,0,1,0
ES_35_0551,Pequeno,7,14,29,1,94,0,1,0,0,0,0,0,0,0,0,0,1,0
ES_35_0560,Grovas,7,14,37,2,58,0,1,0,0,0,0,0,0,0,0,0,1,0
ES_35_0649,Outeiro,7,57,5,2,440,0,1,0,0,0,0,0,0,0,0,0,1,0
ES_35_0930,Borb?n,7,38,8,3,38,0,1,0,0,0,0,0,0,0,0,0,1,0
ES_35_0938,Cereixo da Brina,7,40,24,1,157,0,1,0,0,0,0,0,0,0,0,0,1,0
ES_35_0942,Tamuxe,7,8,28,1,302,0,1,0,0,0,0,0,0,0,0,0,1,0
ES_35_1042,Landro,7,54,30,3,221,0,1,0,0,0,0,0,0,0,0,0,1,0
ES_35_1138,Almofrei,7,66,41,2,181,0,1,0,0,0,0,0,0,0,0,0,1,0
ES_35_1143,Loira,7,19,30,2,61,0,1,0,0,0,0,0,0,0,0,0,1,0
ES_35_1165,Sil,1,26,52,3,1356,0,1,0,0,0,0,0,0,0,0,1,0,0
ES_35_1201,Magdalena,7,43,30,3,1218,0,1,0,0,0,0,0,0,0,0,0,1,0
ES_35_1209,LaChanada,7,7,37,1,1404,0,1,0,0,0,0,0,0,0,0,0,1,0
ES_35_1214,Tejedo,9,19,64,3,973,0,1,0,0,0,0,0,0,0,0,1,0,0
ES_35_1218,Salentinos,7,23,45,3,1097,0,1,0,0,0,0,0,0,0,0,0,1,0
ES_35_1222,Valseco,7,41,32,3,1050,0,1,0,0,0,0,0,0,0,0,0,1,0
ES_35_1224,Valdeprado,7,24,35,3,1002,0,1,0,0,0,0,0,0,0,0,0,1,0
ES_35_1238,Boeza,7,17,75,2,1130,0,1,0,0,0,0,0,0,0,0,0,1,0
ES_35_1316,del Cabo,10,14,29,2,1374,0,0,0,0,0,1,0,0,0,0,0,1,0
ES_35_1439,Cares,7,70,25,4,898,0,1,0,0,0,0,0,0,0,0,0,1,0
ES_35_1508,Herrerias,9,31,30,3,385,0,1,0,0,0,0,0,0,0,0,1,0,0
ES_35_1628,Errotaberri,9,6,65,1,141,0,1,0,0,0,0,0,0,0,0,1,0,0
ES_35_1630,Osintxu,9,10,53,3,166,0,1,0,0,0,0,0,0,0,0,1,0,0
ES_35_1706,ZardÙn,9,25,11,2,22,0,1,0,0,0,0,0,0,0,0,1,0,0
ES_35_1709,Nueva (de),9,15,30,2,78,0,1,0,0,0,0,0,0,0,0,1,0,0
ES_35_1713,Frio,7,34,68,3,610,0,1,0,0,0,0,0,0,0,0,0,1,0
ES_35_1749,ARTESIAGA,9,46,14,3,184,0,1,0,0,0,0,0,0,0,0,1,0,0
ES_35_1753,AsÙn,9,51,30,3,180,0,1,0,0,0,0,0,0,0,0,1,0,0
ES_35_1762,Espana,9,40,7,3,64,0,1,0,0,0,0,0,0,0,0,1,0,0
ES_35_1772,Vendul,7,22,72,3,494,0,1,0,0,0,0,0,0,0,0,0,1,0
ES_35_1783,Pˇramo,7,83,23,4,468,0,1,0,0,0,0,0,0,0,0,0,1,0
ES_35_1795,AgÅeira,7,164,3,3,280,0,1,0,0,0,0,0,0,0,0,0,1,0
ES_35_1796,Oro,7,21,29,3,590,0,1,0,0,0,0,0,0,0,0,0,1,0
ES_35_1799,Esva,7,419,3,5,26,0,1,0,0,0,0,0,0,0,0,0,1,0
ES_35_1828,Sella,9,101,5,4,528,0,1,0,0,0,0,0,0,0,0,1,0,0
ES_35_1838,NalÙn,9,71,18,4,646,0,1,0,0,0,0,0,0,0,0,1,0,0
ES_35_1854,Ponga,7,145,25,4,210,0,1,0,0,0,0,0,0,0,0,0,1,0
ESF034,Guadarranque,11,24,19,2,482,0,0,0,0,0,1,0,0,0,0,0,1,0
ESF053,GÇvora,11,110,5,2,288,0,0,0,0,0,1,0,0,0,0,0,1,0
ESF111,Esteras,11,359,4,3,438,0,0,0,0,0,1,0,0,0,0,0,1,0
ESF194,FrÛo,11,45,13,2,615,0,0,0,0,0,1,0,0,0,0,0,1,0
ESF199,Arroyo Valdefuentes,11,33,11,1,460,0,0,0,0,0,1,0,0,0,0,0,1,0
ESF205,Alcorneo,11,52,14,1,390,0,0,0,0,0,1,0,0,0,0,0,1,0
ESF311,Guadalemar,11,73,7,2,518,0,0,0,0,0,1,0,0,0,0,0,1,0
ESRB014,Lucena,11,54,33,2,566,0,0,0,0,0,1,0,0,0,0,0,1,0
ESRB110,Mijares 2,11,113,16,2,479,0,0,0,0,0,1,0,0,0,0,1,0,0
ESRB137,Guadaza3n,11,742,4,4,869,0,0,0,0,0,1,0,0,0,0,0,1,0
ESRB151,Arquillo,11,88,12,2,943,0,0,0,0,0,1,0,0,0,0,0,1,0
ESRB152,Mir3n,10,85,12,2,976,0,0,0,0,0,1,0,0,0,0,0,1,0
EW12676,Test (Upper) (C042034),9,131,3,2,76,0,1,0,0,0,0,0,0,0,0,1,0,0
EW13526,Pev Levels (C041018C),7,17,4,1,8,0,1,0,0,0,0,0,0,0,0,0,1,0
EW594,Wid (C037033),8,18,3,1,52,0,1,0,0,0,0,0,0,0,0,0,1,0
EW8624,Rother (Kent.Lower) (C040016),7,47,3,2,11,0,1,0,0,0,0,0,0,0,0,0,1,0
EW894,Can and Roxwell Brook (C037034),8,79,3,2,28,0,1,0,0,0,0,0,0,0,0,0,1,0
FI_1,Tornionjoki,13,39956,3,6,16,0,0,0,0,0,0,0,1,0,0,0,1,0
FI_108,Simojoki,8,3141,1,3,10,0,0,0,0,0,0,0,1,0,0,0,1,0
FI_109,Simojoki,12,3038,3,3,22,0,0,0,0,0,0,0,1,0,0,0,0,1
FI_110,Simojoki,12,3006,4,3,34,0,0,0,0,0,0,0,1,0,0,0,0,1
FI_111,Simojoki,12,2907,2,3,46,0,0,0,0,0,0,0,1,0,0,0,0,1
FI_112,Simojoki,12,2907,2,3,46,0,0,0,0,0,0,0,1,0,0,0,0,1
FI_113,Simojoki,8,2820,1,3,60,0,0,0,0,0,0,0,1,0,0,0,1,0
FI_114,Simojoki,8,2820,1,3,60,0,0,0,0,0,0,0,1,0,0,0,1,0
FI_115,Simojoki,12,2568,1,3,72,0,0,0,0,0,0,0,1,0,0,0,0,1
FI_116,Simojoki,14,2568,1,3,72,0,0,0,0,0,0,0,1,0,0,0,1,0
FI_117,Simojoki,14,2820,1,3,60,0,0,0,0,0,0,0,1,0,0,0,1,0
FI_2,Muonionjoki,14,7831,3,5,262,0,0,0,0,0,0,0,1,0,0,0,1,0
FI_24,Kiiminkijoki,12,1119,0,4,120,0,0,0,0,0,0,0,1,0,0,0,0,1
FI_25,Kiiminkijoki,12,423,2,4,134,0,0,0,0,0,0,0,1,0,0,0,0,1
FI_259,Tornionjoki,13,40112,0,6,0,0,0,0,0,0,0,0,1,0,0,0,1,0
FI_26,Kiiminkijoki,8,384,3,4,143,0,0,0,0,0,0,0,1,0,0,0,1,0
FI_260,Tornionjoki,13,40112,0,6,0,0,0,0,0,0,0,0,1,0,0,0,1,0
FI_262,Tornionjoki,13,40033,0,6,2,0,0,0,0,0,0,0,1,0,0,0,1,0
FI_264,Tornionjoki,13,39994,0,6,12,0,0,0,0,0,0,0,1,0,0,0,1,0
FI_266,Tornionjoki,13,39611,2,6,26,0,0,0,0,0,0,0,1,0,0,0,1,0
FI_268,Tornionjoki,13,34844,0,6,49,0,0,0,0,0,0,0,1,0,0,0,1,0
FI_270,Tornionjoki,13,34614,0,6,58,0,0,0,0,0,0,0,1,0,0,0,1,0
FI_272,Tornionjoki,13,34193,1,6,68,0,0,0,0,0,0,0,1,0,0,0,1,0
FI_274,Tornionjoki,13,33393,1,6,80,0,0,0,0,0,0,0,1,0,0,0,1,0
FI_276,Tornionjoki,13,32053,2,6,92,0,0,0,0,0,0,0,1,0,0,0,1,0
FI_278,Tornionjoki,13,31776,3,6,109,0,0,0,0,0,0,0,1,0,0,0,1,0
FI_280,Muonionjoki,14,14490,1,5,132,0,0,0,0,0,0,0,1,0,0,0,1,0
FI_282,Muonionjoki,8,14313,4,5,146,0,0,0,0,0,0,0,1,0,0,0,1,0
FI_284,Muonionjoki,14,482,1,3,153,0,0,0,0,0,0,0,1,0,0,0,1,0
FI_286,Muonionjoki,12,12112,1,5,155,0,0,0,0,0,0,0,1,0,0,0,0,1
FI_288,Muonionjoki,14,11566,1,5,181,0,0,0,0,0,0,0,1,0,0,0,1,0
FI_290,Muonionjoki,14,10806,28,5,154,0,0,0,0,0,0,0,1,0,0,0,1,0
FI_292,Muonionjoki,14,9697,4,5,210,0,0,0,0,0,0,0,1,0,0,0,1,0
FI_294,Muonionjoki,14,8499,1,5,237,0,0,0,0,0,0,0,1,0,0,0,1,0
FI_296,Muonionjoki,12,8350,0,5,250,0,0,0,0,0,0,0,1,0,0,0,0,1
FI_298,Muonionjoki,2,6920,1,5,289,0,0,0,0,0,0,1,0,0,0,0,1,0
FI_3,K?nk?m?eno,2,1881,3,4,392,0,0,0,0,0,0,1,0,0,0,0,1,0
FI_300,Muonionjoki,2,6623,2,5,303,0,0,0,0,0,0,1,0,0,0,0,1,0
FI_302,Muonionjoki,12,5308,2,5,325,0,0,0,0,0,0,1,0,0,0,0,0,1
FI_304,K?nk?m?eno,2,2399,4,4,366,0,0,0,0,0,0,1,0,0,0,0,1,0
FI_305,L?t?seno,2,2067,3,5,344,0,0,0,0,0,0,1,0,0,0,0,1,0
FI_306,L?t?seno,12,2067,3,5,344,0,0,0,0,0,0,1,0,0,0,0,0,1
FI_307,K?nk?m?eno,12,2082,2,4,372,0,0,0,0,0,0,1,0,0,0,0,0,1
FI_308,K?nk?m?eno,12,2082,2,4,372,0,0,0,0,0,0,1,0,0,0,0,0,1
FI_309,K?nk?m?eno,2,2082,2,4,372,0,0,0,0,0,0,1,0,0,0,0,1,0
FI_310,L?t?seno,2,1914,0,5,429,0,0,0,0,0,0,1,0,0,0,0,1,0
FI_311,L?t?seno,2,1895,1,5,430,0,0,0,0,0,0,1,0,0,0,0,1,0
FI_312,K?nk?m?eno,2,1788,2,4,398,0,0,0,0,0,0,1,0,0,0,0,1,0
FI_313,L?t?seno,2,1941,4,5,423,0,0,0,0,0,0,1,0,0,0,0,1,0
FI_314,L?t?seno,2,1869,1,5,433,0,0,0,0,0,0,1,0,0,0,0,1,0
FI_315,Pakajoki,8,161,8,3,189,0,0,0,0,0,0,0,1,0,0,0,1,0
FI_316,Pakajoki,14,140,4,3,212,0,0,0,0,0,0,0,1,0,0,0,1,0
FI_317,Pakajoki,14,140,4,3,212,0,0,0,0,0,0,0,1,0,0,0,1,0
FI_318,Pakajoki,14,140,4,3,212,0,0,0,0,0,0,0,1,0,0,0,1,0
FI_319,Pakajoki,14,140,4,3,212,0,0,0,0,0,0,0,1,0,0,0,1,0
FI_320,Pakajoki,14,140,4,3,212,0,0,0,0,0,0,0,1,0,0,0,1,0
FI_322,Kangosjoki,14,300,2,4,208,0,0,0,0,0,0,0,1,0,0,0,1,0
FI_323,Kangosjoki,14,300,2,4,208,0,0,0,0,0,0,0,1,0,0,0,1,0
FI_324,Kangosjoki,8,291,5,4,217,0,0,0,0,0,0,0,1,0,0,0,1,0
FI_325,Kuerjoki,14,128,1,2,220,0,0,0,0,0,0,0,1,0,0,0,1,0
FI_326,Kuerjoki,14,111,3,2,224,0,0,0,0,0,0,0,1,0,0,0,1,0
FI_327,Kuerjoki,14,111,3,2,224,0,0,0,0,0,0,0,1,0,0,0,1,0
FI_328,Kuerjoki,14,71,1,2,232,0,0,0,0,0,0,0,1,0,0,0,1,0
FI_329,Kuerjoki,14,71,1,2,232,0,0,0,0,0,0,0,1,0,0,0,1,0
FI_352,Kitkajoki,15,18,2,1,246,0,0,0,0,0,0,0,1,0,0,0,1,0
FI_353,Kitkajoki,14,18,2,1,246,0,0,0,0,0,0,0,1,0,0,0,1,0
FI_354,Kitkajoki,15,18,2,1,246,0,0,0,0,0,0,0,1,0,0,0,1,0
FI_355,Kitkajoki,15,18,2,1,246,0,0,0,0,0,0,0,1,0,0,0,1,0
FI_363,Oulankajoki,12,64,1,1,242,0,0,0,0,0,0,0,1,0,0,0,0,1
FI_364,Oulankajoki,12,81,4,1,242,0,0,0,0,0,0,0,1,0,0,0,0,1
FI_365,Oulankajoki,12,64,1,1,242,0,0,0,0,0,0,0,1,0,0,0,0,1
FI_5,Kitkajoki,15,1872,8,4,182,0,0,0,0,0,0,0,1,0,0,0,1,0
FI_53,Naalastonjoki,12,96,3,2,146,0,0,0,0,0,0,0,1,0,0,0,0,1
FI_544,Ivalojoki,15,698,2,4,255,0,0,0,0,0,0,0,1,0,0,0,1,0
FI_545,Ivalojoki,15,698,2,4,255,0,0,0,0,0,0,0,1,0,0,0,1,0
FI_547,Ivalojoki,15,749,0,4,250,0,0,0,0,0,0,0,1,0,0,0,1,0
FI_548,Ivalojoki,15,792,3,4,244,0,0,0,0,0,0,0,1,0,0,0,1,0
FI_549,Ivalojoki,15,1473,1,5,238,0,0,0,0,0,0,0,1,0,0,0,1,0
FI_550,Ivalojoki,15,1494,2,5,235,0,0,0,0,0,0,0,1,0,0,0,1,0
FI_551,Ivalojoki,15,1636,2,5,226,0,0,0,0,0,0,0,1,0,0,0,1,0
FI_559,Juutua,15,5289,2,6,145,0,0,0,0,0,0,0,1,0,0,0,1,0
FI_561,Juutua,15,5332,3,6,130,0,0,0,0,0,0,0,1,0,0,0,1,0
FI_562,Juutua,15,5332,3,6,130,0,0,0,0,0,0,0,1,0,0,0,1,0
FI_563,Juutua,15,5289,2,6,145,0,0,0,0,0,0,0,1,0,0,0,1,0
FI_564,Juutua,8,5302,0,6,140,0,0,0,0,0,0,0,1,0,0,0,1,0
FI_565,Juutua,15,23,5,2,194,0,0,0,0,0,0,0,1,0,0,0,1,0
FI_566,Juutua,15,5332,3,6,130,0,0,0,0,0,0,0,1,0,0,0,1,0
FI_7,Kangosjoki,8,300,2,4,208,0,0,0,0,0,0,0,1,0,0,0,1,0
GdDv0790,Gradaácica,1,73,6,2,350,0,0,0,0,0,0,1,0,0,0,1,0,0
GdHr0790,Gradaácica,1,107,3,2,323,0,0,0,0,0,0,1,0,0,0,1,0,0
GR010130002,ALFIOS,10,21,29,3,746,0,0,0,0,0,1,0,0,0,0,1,0,0
GR010130003,ALFIOS,11,218,6,4,532,0,0,0,0,0,1,0,0,0,0,1,0,0
GR010130013,ALFIOS,10,21,29,3,746,0,0,0,0,0,1,0,0,0,0,1,0,0
GR010130019,ALFIOS,10,24,30,3,716,0,0,0,0,0,1,0,0,0,0,1,0,0
GR010130028,ALFIOS,11,548,2,5,446,0,0,0,0,0,1,0,0,0,0,0,1,0
GR040260011,ACHELOOS,10,36,40,3,1060,0,0,0,0,0,1,0,0,0,0,1,0,0
GR040260015,ACHELOOS,10,150,23,4,750,0,0,0,0,0,1,0,0,0,0,0,1,0
GR040260016,ACHELOOS,10,150,23,4,750,0,0,0,0,0,1,0,0,0,0,0,1,0
GR040260022,ACHELOOS,11,67,23,3,801,0,0,0,0,0,1,0,0,0,0,0,1,0
GR040260023,ACHELOOS,11,244,19,4,425,0,0,0,0,0,1,0,0,0,0,1,0,0
GR040260025,ACHELOOS,10,13,10,3,1161,0,0,0,0,0,1,0,0,0,0,0,1,0
GR040260026,ACHELOOS,10,12,10,3,1237,0,0,0,0,0,1,0,0,0,0,1,0,0
GR040260029,ACHELOOS,10,24,43,3,980,0,0,0,0,0,1,0,0,0,0,1,0,0
GR040260030,ACHELOOS,11,1200,5,6,366,0,0,0,0,0,1,0,0,0,0,0,1,0
GR040260031,ACHELOOS,11,160,25,4,644,0,0,0,0,0,1,0,0,0,0,1,0,0
GR040260033,ACHELOOS,10,77,15,4,934,0,0,0,0,0,1,0,0,0,0,1,0,0
GR040260034,ACHELOOS,10,8,14,3,1136,0,0,0,0,0,1,0,0,0,0,1,0,0
GR040260039,ACHELOOS,10,61,10,4,1029,0,0,0,0,0,1,0,0,0,0,0,1,0
GR040260046,ACHELOOS,10,11,78,2,658,0,0,0,0,0,1,0,0,0,0,1,0,0
GR040260049,ACHELOOS,11,247,2,5,860,0,0,0,0,0,1,0,0,0,0,1,0,0
GR040260051,ACHELOOS,10,97,30,4,967,0,0,0,0,0,1,0,0,0,0,1,0,0
GR040260054,ACHELOOS,11,136,1,4,720,0,0,0,0,0,1,0,0,0,0,1,0,0
GR040260057,ACHELOOS,10,34,77,2,898,0,0,0,0,0,1,0,0,0,0,1,0,0
GR040260058,ACHELOOS,11,24,61,3,426,0,0,0,0,0,1,0,0,0,0,1,0,0
GR040260060,ACHELOOS,11,51,22,3,729,0,0,0,0,0,1,0,0,0,0,1,0,0
GR040260061,ACHELOOS,11,445,23,5,377,0,0,0,0,0,1,0,0,0,0,0,1,0
GR050210003,ARACTHOS,10,51,10,4,816,0,0,0,0,0,1,0,0,0,0,1,0,0
GR050210005,ARACTHOS,11,17,50,3,869,0,0,0,0,0,1,0,0,0,0,0,1,0
GR050210012,ARACTHOS,11,57,31,3,472,0,0,0,0,0,1,0,0,0,0,1,0,0
GR050210014,ARACTHOS,10,12,10,3,884,0,0,0,0,0,1,0,0,0,0,1,0,0
GR050210015,ARACTHOS,10,22,30,3,812,0,0,0,0,0,1,0,0,0,0,0,1,0
GR050210016,ARACTHOS,10,104,49,4,538,0,0,0,0,0,1,0,0,0,0,1,0,0
GR050210019,ARACTHOS,10,25,12,3,794,0,0,0,0,0,1,0,0,0,0,1,0,0
GR050210021,ARACTHOS,11,227,8,4,533,0,0,0,0,0,1,0,0,0,0,0,1,0
GR050210024,ARACTHOS,11,187,18,4,602,0,0,0,0,0,1,0,0,0,0,0,1,0
GR050210033,ARACTHOS,11,107,71,3,716,0,0,0,0,0,1,0,0,0,0,0,1,0
GR050910002,AOOS,10,27,41,3,1342,0,0,0,0,0,1,0,0,0,0,0,1,0
GR050910007,AOOS,11,580,44,5,483,0,0,0,0,0,1,0,0,0,0,0,1,0
GR050910008,AOOS,11,1093,4,5,354,0,0,0,0,0,1,0,0,0,0,1,0,0
GR050910010,AOOS,10,337,25,4,468,0,0,0,0,0,1,0,0,0,0,1,0,0
GR050910012,AOOS,10,123,3,4,966,0,0,0,0,0,1,0,0,0,0,0,1,0
GR090200003,ALIAKMON,11,108,50,4,492,0,0,0,0,0,1,0,0,0,0,1,0,0
IR12C030200,Clody,7,36,13,2,76,0,1,0,0,0,0,0,0,0,0,0,1,0
IR12D030200,Douglas,8,34,3,1,76,0,1,0,0,0,0,0,0,0,0,0,1,0
IR12U010200,Urrin,7,75,5,2,42,0,1,0,0,0,0,0,0,0,0,0,1,0
IR13D010350,Duncormick,7,39,3,1,18,0,1,0,0,0,0,0,0,0,0,0,1,0
IR15G010200,Glory,9,69,2,2,51,0,1,0,0,0,0,0,0,0,0,1,0,0
IR15N020100,Nuenna,9,37,6,1,95,0,1,0,0,0,0,0,0,0,0,1,0,0
IR16A020600,Anner,9,85,2,2,54,0,1,0,0,0,0,0,0,0,0,1,0,0
IR16N010100,Nier,7,69,10,3,72,0,1,0,0,0,0,0,0,0,0,0,1,0
IR17C010250,Colligan,9,84,10,3,40,0,1,0,0,0,0,0,0,0,0,1,0,0
IR19L030100,Lee (Inchinossig br.),7,34,5,2,98,0,1,0,0,0,0,0,0,0,0,0,1,0
IR19M010600,Martin,7,96,3,2,30,0,1,0,0,0,0,0,0,0,0,0,1,0
IR22F020300,Flesk,9,324,3,4,25,0,1,0,0,0,0,0,0,0,0,1,0,0
IR22M010700,Maine,9,308,2,4,9,0,1,0,0,0,0,0,0,0,0,1,0,0
IR22O030400,Owenreagh,7,65,4,3,24,0,1,0,0,0,0,0,0,0,0,0,1,0
IR22S010100,Shanowen,9,52,3,2,29,0,1,0,0,0,0,0,0,0,0,1,0,0
IR23F010500,Feale,7,479,2,4,36,0,1,0,0,0,0,0,0,0,0,0,1,0
IR23S020700,Smearlagh,7,130,5,2,45,0,1,0,0,0,0,0,0,0,0,0,1,0
IR25B100100,Bow,7,14,17,1,80,0,1,0,0,0,0,0,0,0,0,0,1,0
IR25G040025,Graney,7,15,18,1,85,0,1,0,0,0,0,0,0,0,0,0,1,0
IR25G210010,Glenfelly,7,11,18,1,142,0,1,0,0,0,0,0,0,0,0,0,1,0
IR25L010200,Little,12,37,2,1,39,0,1,0,0,0,0,0,0,0,0,0,0,1
IR25S020700,Silver,12,168,1,2,47,0,1,0,0,0,0,0,0,0,0,0,0,1
IR26M020500,Inny,9,113,1,2,64,0,1,0,0,0,0,0,0,0,0,1,0,0
IR26S020500,Shannon (Battlebridge),7,563,0,3,40,0,1,0,0,0,0,0,0,0,0,0,1,0
IR26S070300,Suck (Cloondacarra),9,170,1,3,60,0,1,0,0,0,0,0,0,0,0,1,0,0
IR26S071100,Suck (Ballyforan),12,1055,0,5,41,0,1,0,0,0,0,0,0,0,0,0,0,1
IR27G020600,Gourna,9,17,15,1,34,0,1,0,0,0,0,0,0,0,0,1,0,0
IR32B030100,Bunowen,7,36,10,1,60,0,1,0,0,0,0,0,0,0,0,0,1,0
IR32G030100,Glennamong,7,19,17,1,39,0,1,0,0,0,0,0,0,0,0,0,1,0
IR33B010100,Ballinglen,7,45,5,2,18,0,1,0,0,0,0,0,0,0,0,0,1,0
IR33G010100,Glenamoy,12,88,2,2,10,0,1,0,0,0,0,0,0,0,0,0,0,1
IR34B080400,Behy,7,31,3,2,27,0,1,0,0,0,0,0,0,0,0,0,1,0
IR34C050030,Clydagh,12,60,7,1,66,0,1,0,0,0,0,0,0,0,0,0,0,1
IR34M020050,Moy (Cloonbaniff),9,17,12,1,86,0,1,0,0,0,0,0,0,0,0,1,0,0
IR36A021400,Annalee,7,850,2,4,53,0,1,0,0,0,0,0,0,0,0,0,1,0
IR36D020150,Dromore,7,44,0,2,82,0,1,0,0,0,0,0,0,0,0,0,1,0
IR36S010300,Swanlinbar,7,29,14,2,59,0,1,0,0,0,0,0,0,0,0,0,1,0
IR36W030700,Waterfoot,7,44,5,3,54,0,1,0,0,0,0,0,0,0,0,0,1,0
IR38C060100,Cronaniv Burn,7,7,14,2,80,0,1,0,0,0,0,0,0,0,0,0,1,0
IR39G050100,Glaskeelan,7,17,16,1,104,0,1,0,0,0,0,0,0,0,0,0,1,0
IR39S020050,Swilly,7,11,26,1,120,0,1,0,0,0,0,0,0,0,0,0,1,0
IRCFB023,Owennamarve,7,26,9,1,46,0,1,0,0,0,0,0,0,0,0,0,1,0
IRCFB024,Owennamarve,7,26,9,1,46,0,1,0,0,0,0,0,0,0,0,0,1,0
IRCFB027,Lough sallagh trib,7,29,3,1,24,0,1,0,0,0,0,0,0,0,0,0,1,0
IRCFB028,Owennamarve,7,26,9,1,46,0,1,0,0,0,0,0,0,0,0,0,1,0
IRCFB029,Owennamarve,7,26,9,1,46,0,1,0,0,0,0,0,0,0,0,0,1,0
IRCFB033,County,7,57,6,2,40,0,1,0,0,0,0,0,0,0,0,0,1,0
IRCFB035,County,7,24,6,2,65,0,1,0,0,0,0,0,0,0,0,0,1,0
IRCFB037,County,7,57,6,2,40,0,1,0,0,0,0,0,0,0,0,0,1,0
IRCFB044,Smearlagh,7,86,9,2,74,0,1,0,0,0,0,0,0,0,0,0,1,0
IRCFB046,Owveg,7,32,8,2,105,0,1,0,0,0,0,0,0,0,0,0,1,0
IRCFB048,Owveg,7,76,7,3,76,0,1,0,0,0,0,0,0,0,0,0,1,0
IRCFB049,Clydagh,7,41,13,1,167,0,1,0,0,0,0,0,0,0,0,0,1,0
IRCFB050,Breanagh,7,27,10,2,150,0,1,0,0,0,0,0,0,0,0,0,1,0
IRCFB051,Caher,7,18,17,2,144,0,1,0,0,0,0,0,0,0,0,0,1,0
IRCFB053,Oolagh,7,23,12,2,107,0,1,0,0,0,0,0,0,0,0,0,1,0
IRCFB064,Summerbank,9,11,5,1,92,0,1,0,0,0,0,0,0,0,0,1,0,0
IRCFB065,Halfcarton,9,21,7,2,92,0,1,0,0,0,0,0,0,0,0,1,0,0
IRCFB067,Mountnugent,7,18,2,2,91,0,1,0,0,0,0,0,0,0,0,0,1,0
IRCFB075,Dunloe,7,15,23,1,115,0,1,0,0,0,0,0,0,0,0,0,1,0
IRCFB076,Owenacullin,7,6,47,2,88,0,1,0,0,0,0,0,0,0,0,0,1,0
IRCFB079,Owenacullin,7,11,4,3,34,0,1,0,0,0,0,0,0,0,0,0,1,0
IRCFB080,Glasheenrogoad,7,5,90,1,234,0,1,0,0,0,0,0,0,0,0,0,1,0
IRCFB081,Gaddagh,7,24,21,3,69,0,1,0,0,0,0,0,0,0,0,0,1,0
IRCFB082,Gaddagh,9,44,4,4,20,0,1,0,0,0,0,0,0,0,0,1,0,0
IRCFB083,Gaddagh,9,24,21,3,69,0,1,0,0,0,0,0,0,0,0,1,0,0
IRCFB085,Meanus,7,3,74,1,182,0,1,0,0,0,0,0,0,0,0,0,1,0
IRCFB086,Meanus,7,18,14,2,44,0,1,0,0,0,0,0,0,0,0,0,1,0
IRCFB094,Gweestin,7,13,7,1,56,0,1,0,0,0,0,0,0,0,0,0,1,0
IRCFB097,Glanooragh,9,40,4,2,54,0,1,0,0,0,0,0,0,0,0,1,0,0
IRCFB098,Gweestin,9,13,7,1,56,0,1,0,0,0,0,0,0,0,0,1,0,0
IRCFB099,Gweestin,9,69,4,2,25,0,1,0,0,0,0,0,0,0,0,1,0,0
IRCFB104,Cottoners,7,6,83,1,288,0,1,0,0,0,0,0,0,0,0,0,1,0
IRCFB108,Manulla,9,192,4,3,16,0,1,0,0,0,0,0,0,0,0,1,0,0
IRCFB109,Brandra,7,27,2,1,18,0,1,0,0,0,0,0,0,0,0,0,1,0
IRCFB117,Mahanagh,12,45,1,2,62,0,1,0,0,0,0,0,0,0,0,0,0,1
IRCFB132,Glensaul,7,25,7,2,34,0,1,0,0,0,0,0,0,0,0,0,1,0
IRCFB134,Glensaul,7,13,12,1,71,0,1,0,0,0,0,0,0,0,0,0,1,0
IRCFB135,Glensaul,7,13,12,1,71,0,1,0,0,0,0,0,0,0,0,0,1,0
IRCFB136,Glensaul,7,13,12,1,71,0,1,0,0,0,0,0,0,0,0,0,1,0
IRCFB137,Glensaul,7,13,12,1,71,0,1,0,0,0,0,0,0,0,0,0,1,0
IRCFB138,Glensaul,7,13,12,1,71,0,1,0,0,0,0,0,0,0,0,0,1,0
IRCFB139,Glensaul,7,13,12,1,71,0,1,0,0,0,0,0,0,0,0,0,1,0
IRCFB140,Garranderra,7,13,12,1,71,0,1,0,0,0,0,0,0,0,0,0,1,0
IRCFB142,Derryneeny,7,13,12,1,71,0,1,0,0,0,0,0,0,0,0,0,1,0
IRCFB143,Tourmakeady mountain stream,6,6,40,1,74,0,1,0,0,0,0,0,0,0,0,0,1,0
IRCFB144,Tourmakeady,7,13,12,1,71,0,1,0,0,0,0,0,0,0,0,0,1,0
IRCFB147,Sruffaunagreeve,7,13,12,1,71,0,1,0,0,0,0,0,0,0,0,0,1,0
IRCFB148,Sruffaunagreeve,7,13,12,1,71,0,1,0,0,0,0,0,0,0,0,0,1,0
IRCFB149,Sruffaunagreeve,7,13,12,1,71,0,1,0,0,0,0,0,0,0,0,0,1,0
IRCFB150,Sruffaunagreeve,7,13,12,1,71,0,1,0,0,0,0,0,0,0,0,0,1,0
IRCFB151,Sruffaunagreeve,7,13,12,1,71,0,1,0,0,0,0,0,0,0,0,0,1,0
IRCFB152,Sruffaunagreeve,7,13,12,1,71,0,1,0,0,0,0,0,0,0,0,0,1,0
IRCFB153,Srah,7,6,13,1,24,0,1,0,0,0,0,0,0,0,0,0,1,0
IRCFB154,Srah,7,6,13,1,24,0,1,0,0,0,0,0,0,0,0,0,1,0
IRCFB158,Derrinaderg,7,7,11,1,26,0,1,0,0,0,0,0,0,0,0,0,1,0
IRCFB159,Derrinaderg,7,7,11,1,26,0,1,0,0,0,0,0,0,0,0,0,1,0
IRCFB160,Derrinaderg,7,7,11,1,26,0,1,0,0,0,0,0,0,0,0,0,1,0
IRCFB163,Gortbunacullin,7,6,13,1,24,0,1,0,0,0,0,0,0,0,0,0,1,0
IRCFB168,Drimneen,9,20,14,1,50,0,1,0,0,0,0,0,0,0,0,1,0,0
IRCFB169,Drimneen,9,20,14,1,50,0,1,0,0,0,0,0,0,0,0,1,0,0
IRCFB170,Drimneen,9,20,14,1,50,0,1,0,0,0,0,0,0,0,0,1,0,0
IRCFB171,Drimneen,9,20,14,1,50,0,1,0,0,0,0,0,0,0,0,1,0,0
IRCFB172,Drimneen,9,20,14,1,50,0,1,0,0,0,0,0,0,0,0,1,0,0
IRCFB173,Magheramore,9,6,3,1,8,0,1,0,0,0,0,0,0,0,0,1,0,0
IRCFB174,Magheramore,9,6,3,1,8,0,1,0,0,0,0,0,0,0,0,1,0,0
IRCFB176,Maum,7,22,28,1,110,0,1,0,0,0,0,0,0,0,0,0,1,0
IRCFB177,Failmore,7,22,28,1,110,0,1,0,0,0,0,0,0,0,0,0,1,0
IRCFB178,Bunbhucain,7,22,28,1,110,0,1,0,0,0,0,0,0,0,0,0,1,0
IRCFB179,Bunbhucain,7,22,28,1,110,0,1,0,0,0,0,0,0,0,0,0,1,0
IRCFB186,Castlerahan,7,21,4,1,77,0,1,0,0,0,0,0,0,0,0,0,1,0
IRCFB187,Rassan,7,5,0,1,76,0,1,0,0,0,0,0,0,0,0,0,1,0
IRCFB188,Rassan,7,5,0,1,76,0,1,0,0,0,0,0,0,0,0,0,1,0
IRCFB189,Rassan,7,5,0,1,76,0,1,0,0,0,0,0,0,0,0,0,1,0
IRCFB192,Pound,7,7,14,1,82,0,1,0,0,0,0,0,0,0,0,0,1,0
IRCFB195,Finaway,7,8,2,1,70,0,1,0,0,0,0,0,0,0,0,0,1,0
IRCFB202,Mountnugent,7,38,3,2,72,0,1,0,0,0,0,0,0,0,0,0,1,0
IRCFB203,Mountnugent,7,38,3,2,72,0,1,0,0,0,0,0,0,0,0,0,1,0
IRCFB205,Cornamona,7,18,9,1,31,0,1,0,0,0,0,0,0,0,0,0,1,0
IRCFB206,Cornamona,7,18,9,1,31,0,1,0,0,0,0,0,0,0,0,0,1,0
IRCFB208,Millpark,7,5,28,1,22,0,1,0,0,0,0,0,0,0,0,0,1,0
IRCFB209,Millpark,7,5,28,1,22,0,1,0,0,0,0,0,0,0,0,0,1,0
IRCFB210,Millpark,7,5,28,1,22,0,1,0,0,0,0,0,0,0,0,0,1,0
IRCFB211,Millpark,7,5,28,1,22,0,1,0,0,0,0,0,0,0,0,0,1,0
IRCFB212,Millpark,7,5,28,1,22,0,1,0,0,0,0,0,0,0,0,0,1,0
IRCFB213,Millpark,7,5,28,1,22,0,1,0,0,0,0,0,0,0,0,0,1,0
IRCFB214,Millpark,7,5,28,1,22,0,1,0,0,0,0,0,0,0,0,0,1,0
IRCFB215,Millpark,7,5,28,1,22,0,1,0,0,0,0,0,0,0,0,0,1,0
IRCFB216,Srahnalong,7,24,31,1,172,0,1,0,0,0,0,0,0,0,0,0,1,0
IRCFB218,Cloughbrack,7,9,7,1,26,0,1,0,0,0,0,0,0,0,0,0,1,0
IRCFB219,Cloughbrack,7,9,7,1,26,0,1,0,0,0,0,0,0,0,0,0,1,0
IRCFB220,Cloughbrack,7,9,7,1,26,0,1,0,0,0,0,0,0,0,0,0,1,0
IRCFB221,Cloughbrack,7,9,7,1,26,0,1,0,0,0,0,0,0,0,0,0,1,0
IRCFB222,Cloughbrack,7,9,7,1,26,0,1,0,0,0,0,0,0,0,0,0,1,0
IRCFB223,Cloughbrack,7,9,7,1,26,0,1,0,0,0,0,0,0,0,0,0,1,0
IRCFB251,Cloghvoola,7,4,56,1,120,0,1,0,0,0,0,0,0,0,0,0,1,0
IRCFB252,Cummeragh,7,20,8,2,96,0,1,0,0,0,0,0,0,0,0,0,1,0
IRCFB253,Cummeragh,7,20,8,2,96,0,1,0,0,0,0,0,0,0,0,0,1,0
IRCFB254,Cummeragh,7,20,8,2,96,0,1,0,0,0,0,0,0,0,0,0,1,0
IRCFB276,Glendasan,7,38,5,2,130,0,1,0,0,0,0,0,0,0,0,0,1,0
IRCFB277,Glendasan,7,14,45,1,229,0,1,0,0,0,0,0,0,0,0,0,1,0
IRCFB278,Glenmacnass,7,31,27,1,268,0,1,0,0,0,0,0,0,0,0,0,1,0
IRCFB279,Ow tributary,7,13,42,2,299,0,1,0,0,0,0,0,0,0,0,0,1,0
IRCFB280,Avonbeg,7,27,11,2,150,0,1,0,0,0,0,0,0,0,0,0,1,0
IRCFB281,Ow tributary,7,5,24,1,199,0,1,0,0,0,0,0,0,0,0,0,1,0
IRCFB283,Owenglin,7,39,9,2,54,0,1,0,0,0,0,0,0,0,0,0,1,0
IRCFB285,Aille,7,84,2,2,22,0,1,0,0,0,0,0,0,0,0,0,1,0
IRCFB287,Gowlan,12,18,8,1,115,0,1,0,0,0,0,0,0,0,0,0,0,1
IRCFB288,Dunneill,7,16,22,1,100,0,1,0,0,0,0,0,0,0,0,0,1,0
IRCFB289,Keerglen,7,15,26,1,83,0,1,0,0,0,0,0,0,0,0,0,1,0
IRCFB290,Behy,7,11,13,2,56,0,1,0,0,0,0,0,0,0,0,0,1,0
IRCFB291,Gourna,9,17,15,1,34,0,1,0,0,0,0,0,0,0,0,1,0,0
IRCFB292,Spancelhill,9,19,4,2,20,0,1,0,0,0,0,0,0,0,0,1,0,0
IRCFB293,Broadford,7,36,2,1,32,0,1,0,0,0,0,0,0,0,0,0,1,0
IRCFB294,Newport,7,30,12,1,207,0,1,0,0,0,0,0,0,0,0,0,1,0
IRCFB295,Cloghoge,7,22,36,1,313,0,1,0,0,0,0,0,0,0,0,0,1,0
IRCFB297,Attymass,7,31,3,2,12,0,1,0,0,0,0,0,0,0,0,0,1,0
IRCFB298,Attymass,7,31,3,2,12,0,1,0,0,0,0,0,0,0,0,0,1,0
IRCFB299,Attymass,7,31,3,2,12,0,1,0,0,0,0,0,0,0,0,0,1,0
IRCFB300,Attymass,7,31,3,2,12,0,1,0,0,0,0,0,0,0,0,0,1,0
IRCFB301,Attymass,7,31,3,2,12,0,1,0,0,0,0,0,0,0,0,0,1,0
IRCFB302,Attymass,7,31,3,2,12,0,1,0,0,0,0,0,0,0,0,0,1,0
IRCFB303,Attymass,7,31,3,2,12,0,1,0,0,0,0,0,0,0,0,0,1,0
IRCFB304,Attymass,7,31,3,2,12,0,1,0,0,0,0,0,0,0,0,0,1,0
IRCFB305,Attymass,7,31,3,2,12,0,1,0,0,0,0,0,0,0,0,0,1,0
IRCFB320,Swanlinbar,12,22,24,1,160,0,1,0,0,0,0,0,0,0,0,0,0,1
IRCFB321,Cronaniv Burn,7,19,12,2,66,0,1,0,0,0,0,0,0,0,0,0,1,0
IRCFB323,Ballyhallan,7,9,34,1,61,0,1,0,0,0,0,0,0,0,0,0,1,0
IRUCC001,Douglas,7,21,15,2,62,0,1,0,0,0,0,0,0,0,0,0,1,0
IRUCC002,Douglas,7,21,15,2,62,0,1,0,0,0,0,0,0,0,0,0,1,0
IRUCC003,Douglas,7,21,15,2,62,0,1,0,0,0,0,0,0,0,0,0,1,0
IRUCC004,Douglas,7,21,15,2,62,0,1,0,0,0,0,0,0,0,0,0,1,0
IRUCC005,Douglas,7,21,15,2,62,0,1,0,0,0,0,0,0,0,0,0,1,0
IRUCC006,Douglas,7,21,15,2,62,0,1,0,0,0,0,0,0,0,0,0,1,0
IRUCC007,Douglas,7,21,15,2,62,0,1,0,0,0,0,0,0,0,0,0,1,0
IRUCC008,Douglas,7,21,15,2,62,0,1,0,0,0,0,0,0,0,0,0,1,0
IRUCC009,Douglas,7,21,15,2,62,0,1,0,0,0,0,0,0,0,0,0,1,0
IRUCC010,Douglas,7,21,15,2,62,0,1,0,0,0,0,0,0,0,0,0,1,0
IRUCC011,Douglas,7,21,15,2,62,0,1,0,0,0,0,0,0,0,0,0,1,0
IRUCC012,Douglas,7,21,15,2,62,0,1,0,0,0,0,0,0,0,0,0,1,0
IRUCC013,Douglas,7,21,15,2,62,0,1,0,0,0,0,0,0,0,0,0,1,0
IRUCC014,Douglas,7,21,15,2,62,0,1,0,0,0,0,0,0,0,0,0,1,0
IRUCC015,Douglas,7,21,15,2,62,0,1,0,0,0,0,0,0,0,0,0,1,0
IRUCC031,Glashacloonavere,7,18,17,1,105,0,1,0,0,0,0,0,0,0,0,0,1,0
IRUCC032,Glengariff,7,19,43,1,145,0,1,0,0,0,0,0,0,0,0,0,1,0
IRUCC033,Aherlow,7,23,9,2,146,0,1,0,0,0,0,0,0,0,0,0,1,0
IRUCC034,Owenbaun,7,28,12,2,144,0,1,0,0,0,0,0,0,0,0,0,1,0
IRUCC035,Caragh,7,81,5,2,30,0,1,0,0,0,0,0,0,0,0,0,1,0
IRUCC036,Cloon,7,19,6,1,41,0,1,0,0,0,0,0,0,0,0,0,1,0
IRUCC039,Ivale,7,9,21,1,190,0,1,0,0,0,0,0,0,0,0,0,1,0
IRUCC040,Sullane,7,30,4,2,148,0,1,0,0,0,0,0,0,0,0,0,1,0
IRUCC044,Ballymahan,7,21,9,1,61,0,1,0,0,0,0,0,0,0,0,0,1,0
IRUCC048,Clashawley,9,43,6,1,85,0,1,0,0,0,0,0,0,0,0,1,0,0
IRUCC050,Cummer,7,31,7,1,82,0,1,0,0,0,0,0,0,0,0,0,1,0
IRUCC051,Douglas,7,21,15,2,62,0,1,0,0,0,0,0,0,0,0,0,1,0
IRUCC052,Finisk,7,8,32,1,94,0,1,0,0,0,0,0,0,0,0,0,1,0
IRUCC054,Durrus,7,33,8,1,36,0,1,0,0,0,0,0,0,0,0,0,1,0
IRUCC055,Lingaun,7,41,9,1,130,0,1,0,0,0,0,0,0,0,0,0,1,0
IRUCC058,Owenanare,7,30,9,1,146,0,1,0,0,0,0,0,0,0,0,0,1,0
IRUCC060,Shournagh,7,12,15,1,150,0,1,0,0,0,0,0,0,0,0,0,1,0
IRUCC061,Kiltha,7,31,7,1,48,0,1,0,0,0,0,0,0,0,0,0,1,0
IRUCC062,Ahadallane,7,17,8,1,172,0,1,0,0,0,0,0,0,0,0,0,1,0
IRUCC068,Cauteen,9,68,4,2,64,0,1,0,0,0,0,0,0,0,0,1,0,0
IRUCD054,Brittas,7,30,7,1,217,0,1,0,0,0,0,0,0,0,0,0,1,0
IRUCD056,Glencree,7,34,4,2,104,0,1,0,0,0,0,0,0,0,0,0,1,0
IRUCD058,Newcastle,7,16,10,2,16,0,1,0,0,0,0,0,0,0,0,0,1,0
IRUCD059,Dodder,7,67,10,2,86,0,1,0,0,0,0,0,0,0,0,0,1,0
IRUCD063,Lemonstown,7,28,16,2,130,0,1,0,0,0,0,0,0,0,0,0,1,0
IRUCD064,Owendoher,7,15,21,1,92,0,1,0,0,0,0,0,0,0,0,0,1,0
IRUCD066,Dargle,7,14,51,1,224,0,1,0,0,0,0,0,0,0,0,0,1,0
IRUCD068,Vartry trib,7,11,11,1,250,0,1,0,0,0,0,0,0,0,0,0,1,0
IRUCD069,Derreen,7,35,8,2,161,0,1,0,0,0,0,0,0,0,0,0,1,0
IRUCD070,Vartry trib,7,2,33,1,218,0,1,0,0,0,0,0,0,0,0,0,1,0
IRUCD071,Knickeen,7,13,15,2,216,0,1,0,0,0,0,0,0,0,0,0,1,0
IRUCD072,Little Slaney,7,22,43,1,346,0,1,0,0,0,0,0,0,0,0,0,1,0
IRUCD073,Little Slaney,7,22,43,1,346,0,1,0,0,0,0,0,0,0,0,0,1,0
IRUCD074,Glencullen,7,26,27,1,163,0,1,0,0,0,0,0,0,0,0,0,1,0
IRUCD075,Ballyward,7,5,11,1,192,0,1,0,0,0,0,0,0,0,0,0,1,0
IRUCD076,Urrin,7,24,28,1,168,0,1,0,0,0,0,0,0,0,0,0,1,0
IRUCD077,Urrin trib,7,75,5,2,42,0,1,0,0,0,0,0,0,0,0,0,1,0
LBPv0706,Lucka Bela,1,22,12,3,650,0,0,0,0,0,0,1,0,0,0,1,0,0
LoRu1006,Lobnica,2,34,55,2,481,0,0,0,0,0,0,1,0,0,0,0,1,0
LTDU0007,Dubysa,8,2089,3,4,14,0,0,0,0,0,0,0,1,0,0,0,1,0
LTDU0008,Dubysa,8,1335,1,4,56,0,0,0,0,0,0,0,1,0,0,0,1,0
LTJUAK03,Akmena,8,329,2,3,86,0,0,0,0,0,0,0,1,0,0,0,1,0
LTME0001,Merkys,8,299,1,4,176,0,0,0,0,0,0,0,1,0,0,0,1,0
LTME0009,Merkys,8,4409,3,5,82,0,0,0,0,0,0,0,1,0,0,0,1,0
LTMEAM02,Amarnia,14,137,2,3,106,0,0,0,0,0,0,0,1,0,0,0,1,0
LTMEDE04,Dereına,14,64,3,1,112,0,0,0,0,0,0,0,1,0,0,0,1,0
LTMESK01,Skroblus,8,25,4,1,112,0,0,0,0,0,0,0,1,0,0,0,1,0
LTMEUL02,Ula-Pelesa,8,655,1,3,118,0,0,0,0,0,0,0,1,0,0,0,1,0
LTMEVI03,Visincia,8,238,1,3,136,0,0,0,0,0,0,0,1,0,0,0,1,0
LTNEAL01,Aláia,8,155,3,3,76,0,0,0,0,0,0,0,1,0,0,0,1,0
LTNEJS01,Jiesia,8,63,2,1,83,0,0,0,0,0,0,0,1,0,0,0,1,0
LTNELA01,Lapainia,14,102,6,3,54,0,0,0,0,0,0,0,1,0,0,0,1,0
LTNESR01,Streva,8,737,3,3,45,0,0,0,0,0,0,0,1,0,0,0,1,0
LTNESV01,Üventoji,8,40,7,1,20,0,0,0,0,0,0,0,1,0,0,0,1,0
LTNEVS01,Vieávile,14,67,2,3,20,0,0,0,0,0,0,0,1,0,0,0,1,0
LTNEVS02,Vieávile,14,67,2,3,20,0,0,0,0,0,0,0,1,0,0,0,1,0
LTNR0007,Neris,8,16825,2,6,42,0,0,0,0,0,0,0,1,0,0,0,1,0
LTNRKE02,Kena,14,170,1,3,158,0,0,0,0,0,0,0,1,0,0,0,1,0
LTNRKE03,Kena,14,26,7,1,197,0,0,0,0,0,0,0,1,0,0,0,1,0
LTNRNE01,Nemencia,8,82,4,2,116,0,0,0,0,0,0,0,1,0,0,0,1,0
LTNRZI01,?ieımara,8,58,4,1,80,0,0,0,0,0,0,0,1,0,0,0,1,0
LTSEJO01,Jotija,8,242,1,3,33,0,0,0,0,0,0,0,1,0,0,0,1,0
LTSV0007,Üventoji,14,7236,1,5,44,0,0,0,0,0,0,0,1,0,0,0,1,0
LTSV0011,Üventoji,8,7313,1,5,41,0,0,0,0,0,0,0,1,0,0,0,1,0
LTSV0017,Üventoji,8,3443,0,5,70,0,0,0,0,0,0,0,1,0,0,0,1,0
LTSVNE01,Neveıa,8,108,3,2,92,0,0,0,0,0,0,0,1,0,0,0,1,0
LTSVSE02,Siesartis,8,642,2,4,88,0,0,0,0,0,0,0,1,0,0,0,1,0
LTSVSE04,Siesartis-Malkestas,8,848,2,4,68,0,0,0,0,0,0,0,1,0,0,0,1,0
LTSVSE06,Siesartis-Malkestas,8,848,2,4,68,0,0,0,0,0,0,0,1,0,0,0,1,0
LTSVSI07,Üirvinta,8,821,1,3,80,0,0,0,0,0,0,0,1,0,0,0,1,0
LTSVSI09,Üirvinta,8,889,2,3,56,0,0,0,0,0,0,0,1,0,0,0,1,0
LTSVSI10,Üirvinta,8,889,2,3,56,0,0,0,0,0,0,0,1,0,0,0,1,0
LTSVST02,Store,8,22,7,1,56,0,0,0,0,0,0,0,1,0,0,0,1,0
LTSVVR06,Virinta,8,413,2,4,78,0,0,0,0,0,0,0,1,0,0,0,1,0
LTVELU03,Luáis,8,121,3,2,56,0,0,0,0,0,0,0,1,0,0,1,0,0
LTVESE01,Üerkáne,9,254,2,3,58,0,0,0,0,0,0,0,1,0,0,1,0,0
LTVEVR05,Virvyte,8,424,2,3,132,0,0,0,0,0,0,0,1,0,0,0,1,0
LTZE0001,?eimena,8,794,1,4,138,0,0,0,0,0,0,0,1,0,0,0,1,0
LTZE0004,?eimena,8,1757,0,4,122,0,0,0,0,0,0,0,1,0,0,0,1,0
LTZE0005,?eimena,8,2179,0,4,117,0,0,0,0,0,0,0,1,0,0,0,1,0
LTZE0006,?eimena,8,2372,1,4,116,0,0,0,0,0,0,0,1,0,0,0,1,0
LTZE0008,?eimena,8,2378,13,4,116,0,0,0,0,0,0,0,1,0,0,0,1,0
LTZEBU01,Buka,8,159,0,3,148,0,0,0,0,0,0,0,1,0,0,0,1,0
LTZEME04,Mera,8,201,3,3,138,0,0,0,0,0,0,0,1,0,0,0,1,0
LTZEME06,Mera,14,72,1,2,172,0,0,0,0,0,0,0,1,0,0,0,1,0
LTZEPE01,Peráokána,8,97,0,2,145,0,0,0,0,0,0,0,1,0,0,0,1,0
LTZESA01,Saria,8,60,3,2,128,0,0,0,0,0,0,0,1,0,0,0,1,0
LUX_RC4_1,Our,4,454,9,3,287,0,0,1,0,0,0,0,0,0,0,0,1,0
LUX_RC4_13,Attert,6,217,3,3,248,0,0,1,0,0,0,0,0,0,0,1,0,0
LUX_RC4_5,Wiltz,5,438,3,4,254,0,0,1,0,0,0,0,0,0,0,0,1,0
LUX_RC4_7,Attert,6,303,3,3,222,0,0,1,0,0,0,0,0,0,0,1,0,0
LUX_RC4_9,Clerve,4,185,5,3,317,0,0,1,0,0,0,0,0,0,0,0,1,0
MiMg1007,Mislinja,2,31,82,3,754,0,0,0,0,0,0,1,0,0,0,0,1,0
MzCr0507,Meıa,2,35,36,3,747,0,0,0,0,0,0,1,0,0,0,0,1,0
NI0063,olf ater u/s,12,27,22,1,180,0,1,0,0,0,0,0,0,0,0,0,0,1
NI0064,olf ater d/s,12,27,22,1,180,0,1,0,0,0,0,0,0,0,0,0,0,1
NO01,Atna,2,69,2,2,718,0,0,0,0,0,0,1,0,0,0,0,1,0
NO02,Atna,2,69,2,2,718,0,0,0,0,0,0,1,0,0,0,0,1,0
NO03,Atna,2,941,7,4,490,0,0,0,0,0,0,1,0,0,0,0,1,0
NO04,Atna,2,1010,10,4,439,0,0,0,0,0,0,1,0,0,0,0,1,0
P0010051/04,Rio Lima,7,1561,6,5,80,0,1,0,0,0,0,0,0,0,0,0,1,0
P0010201/05,Rio Coura,7,32,27,3,349,0,1,0,0,0,0,0,0,0,0,0,1,0
P0020051/04,Ribeira de Moreira,11,16,16,2,373,0,0,0,0,0,1,0,0,0,0,0,1,0
P0020301/05,Rio Homem,7,105,24,4,144,0,1,0,0,0,0,0,0,0,0,0,1,0
P0030071/04,Vidoeiro,11,340,23,3,358,0,0,0,0,0,1,0,0,0,0,0,1,0
P0030441/05,Ortigosa,10,16,25,3,210,0,0,0,0,0,1,0,0,0,0,0,1,0
P0030801/05,Curros,11,69,12,2,556,0,0,0,0,0,1,0,0,0,0,0,1,0
P0030851/05,TÉmega,11,1611,2,5,214,0,0,0,0,0,1,0,0,0,0,0,1,0
P0030881/05,Macedo,11,153,8,3,310,0,0,0,0,0,1,0,0,0,0,0,1,0
P0040141/04,ribeira de Folques,11,25,16,2,190,0,0,0,0,0,1,0,0,0,0,0,1,0
P0040291/04,rio ?gueda,11,152,11,4,46,0,0,0,0,0,1,0,0,0,0,0,1,0
P0050101/04,Ribeira do Freixo,11,67,3,2,236,0,0,0,0,0,1,0,0,0,0,0,1,0
P0060081/04,Ribeira de Sao Domingos,11,79,4,2,90,0,0,0,0,0,1,0,0,0,0,0,1,0
P0060121/04,Ribeira de GrÉndola,11,41,9,1,142,0,0,0,0,0,1,0,0,0,0,0,1,0
P0070021/04,Ribeira do Vascao,11,112,4,3,270,0,0,0,0,0,1,0,0,0,0,0,1,0
P0070031/04,Ribeira do Vascao,11,232,4,3,181,0,0,0,0,0,1,0,0,0,0,0,1,0
P0070071/04,Rio Terges,11,1154,5,3,44,0,0,0,0,0,1,0,0,0,0,0,1,0
P0070131/04,Ribeira de Arronches,11,65,10,2,322,0,0,0,0,0,1,0,0,0,0,0,1,0
P0070141/04,Ribeira de Arronches,11,30,17,1,477,0,0,0,0,0,1,0,0,0,0,0,1,0
P0070151/05,Ribeira do Vascao,11,152,3,3,234,0,0,0,0,0,1,0,0,0,0,0,1,0
P0070161/05,Ribeira do Vascao,11,219,2,3,194,0,0,0,0,0,1,0,0,0,0,0,1,0
P0070171/05,Ribeira do Vascao,11,421,4,3,38,0,0,0,0,0,1,0,0,0,0,0,1,0
P0070341/05,Ribeira de Arronches,11,65,10,2,322,0,0,0,0,0,1,0,0,0,0,0,1,0
P0080081/04,Ribeira de Seixe,11,41,19,3,98,0,0,0,0,0,1,0,0,0,0,0,1,0
P0080091/04,Ribeira de Seixe,11,109,6,3,68,0,0,0,0,0,1,0,0,0,0,0,1,0
P0080101/04,Ribeira de Seixe,11,157,4,3,39,0,0,0,0,0,1,0,0,0,0,0,1,0
PanV0906,Paka,1,63,10,3,404,0,0,0,0,0,0,1,0,0,0,1,0,0
PL_M01BTARNO,Biaàa Tarnowska,3,95,7,2,403,0,0,0,0,0,0,1,0,0,0,1,0,0
PL_M02BRANPOWZ,Branew,4,46,3,1,204,0,0,1,0,0,0,0,0,0,0,0,1,0
PL_M03BLAD,Biaàa L§decka,5,54,8,2,508,0,0,1,0,0,0,0,0,0,0,0,1,0
PL_M04BRDPL,Brda,4,1552,2,5,118,0,0,1,0,0,0,0,0,0,0,0,1,0
PL_M04GRAJSZCZ,Grajcarek,1,42,23,2,536,0,0,0,0,0,0,1,0,0,0,1,0,0
PL_M04HUCZGROD,Huczwa,12,1439,0,3,176,0,0,1,0,0,0,0,0,0,0,0,0,1
PL_M04MLUNuj,MàynÙwka,5,15,35,1,438,0,0,1,0,0,0,0,0,0,0,0,1,0
PL_M04PISARYGA,Pisa,4,239,2,3,36,0,0,1,0,0,0,0,0,0,0,0,1,0
PL_M04PROSWYSZ,Prosna,4,1247,1,4,144,0,0,1,0,0,0,0,0,0,0,0,1,0
PL_M04STOBGODO,Stobnica,6,335,2,3,226,0,0,1,0,0,0,0,0,0,0,1,0,0
PL_M04WISMA,Wisàoka,4,338,5,4,288,0,0,1,0,0,0,0,0,0,0,0,1,0
PL_M05BIEBBURU,Biebrza,12,7016,1,5,96,0,0,1,0,0,0,0,0,0,0,0,0,1
PL_M05CHOCCHOC,Chocina,4,209,1,3,126,0,0,1,0,0,0,0,0,0,0,0,1,0
PL_M05UHERKARU,Uherka,6,661,0,3,162,0,0,1,0,0,0,0,0,0,0,1,0,0
PL_M05WISGA,Wisàoka,4,587,2,4,228,0,0,1,0,0,0,0,0,0,0,0,1,0
PL_M06CZESP,Czernica,4,229,0,2,144,0,0,1,0,0,0,0,0,0,0,0,1,0
PL_M06KRNOJANK,Krzywa Noga,4,66,3,2,98,0,0,1,0,0,0,0,0,0,0,0,1,0
PL_M06LOSOWITO,úososina,6,353,3,4,251,0,0,1,0,0,0,0,0,0,0,1,0,0
PL_M06LUBACZ,LubaczÙwka,12,746,1,4,202,0,0,1,0,0,0,0,0,0,0,0,0,1
PL_M06SZUMSZOS,Szum,5,156,1,3,192,0,0,1,0,0,0,0,0,0,0,0,1,0
PL_M07GOLDBOCW,Goàda,4,54,5,2,146,0,0,1,0,0,0,0,0,0,0,0,1,0
PL_M07LUBAME,Lubrzanka,4,101,3,3,270,0,0,1,0,0,0,0,0,0,0,0,1,0
PL_M07PARKA,Pars?ta,12,1642,3,4,15,0,0,1,0,0,0,0,0,0,0,0,0,1
PL_M07PISAPTAK,Pisa,12,4133,1,5,104,0,0,1,0,0,0,0,0,0,0,0,0,1
PL_M07PROPRA,Prosna,4,190,1,3,186,0,0,1,0,0,0,0,0,0,0,0,1,0
PL_M08DDALKALU,Dopàyw z Dalachowa,4,17,10,1,176,0,0,1,0,0,0,0,0,0,0,0,1,0
PL_M08DRWBL,Drw?ca WarmiÑska,4,237,1,3,53,0,0,1,0,0,0,0,0,0,0,0,1,0
PL_M08GOLDJarka,Goàdapa,4,164,0,3,168,0,0,1,0,0,0,0,0,0,0,0,1,0
PL_M08LESNATOP,Leòna,4,262,0,3,149,0,0,1,0,0,0,0,0,0,0,0,1,0
PL_M08PALULASK,Paàusznica,12,70,0,2,171,0,0,1,0,0,0,0,0,0,0,0,0,1
PL_M08PIEKIEuj,Piekielnik,2,57,3,2,620,0,0,0,0,0,0,1,0,0,0,0,1,0
PL_M09DOSJOZ,Dopàyw spod JÙzefowa,4,20,6,1,182,0,0,1,0,0,0,0,0,0,0,0,1,0
PL_M09GRAWI,Grabowa,5,116,1,2,52,0,0,1,0,0,0,0,0,0,0,0,1,0
PL_M09KAMISZKLA,Kamienna,5,29,44,2,672,0,0,1,0,0,0,0,0,0,0,0,1,0
PL_M09KAMIZAWA,Kamienica úabowska,6,140,10,3,356,0,0,1,0,0,0,0,0,0,0,1,0,0
PL_M09NETURO,Netta,4,713,0,4,120,0,0,1,0,0,0,0,0,0,0,0,1,0
PL_M09WDAPOHU,Wda,4,146,2,3,141,0,0,1,0,0,0,0,0,0,0,0,1,0
PL_M09WEGORudz,W?gorapa,4,63,1,1,106,0,0,1,0,0,0,0,0,0,0,0,1,0
PL_M09WISRU,Wisàok,3,143,14,2,376,0,0,0,0,0,0,1,0,0,0,1,0,0
PL_M10IWITO,Iwielka,6,75,5,2,286,0,0,1,0,0,0,0,0,0,0,1,0,0
PL_M10JAWOISKA,Jawornik,4,48,10,1,283,0,0,1,0,0,0,0,0,0,0,0,1,0
PL_M10KONKRZ,Konotop,4,63,2,3,42,0,0,1,0,0,0,0,0,0,0,0,1,0
PL_M10LUBI,Lubieszowa,4,36,1,1,14,0,0,1,0,0,0,0,0,0,0,0,1,0
PL_M10SANTA,San,3,133,5,3,642,0,0,0,0,0,0,1,0,0,0,1,0,0
PL_M10WLODJUPO,Jugowski Potok,5,9,43,1,509,0,0,1,0,0,0,0,0,0,0,0,1,0
PL_M11KAMKA,Kamienica,4,72,7,3,214,0,0,1,0,0,0,0,0,0,0,0,1,0
PL_M11KREPSOSZ,Kr?pa,5,36,5,2,148,0,0,1,0,0,0,0,0,0,0,0,1,0
PL_M11OLESNICA,Oleònica,6,606,1,3,154,0,0,1,0,0,0,0,0,0,0,1,0,0
PL_M11PARSBARD,Pars?ta,12,3113,0,5,6,0,0,1,0,0,0,0,0,0,0,0,0,1
PL_M11PIET,Pietranka,12,62,0,2,130,0,0,1,0,0,0,0,0,0,0,0,0,1
PL_M11SANOBU,Sanoczek,6,54,8,3,346,0,0,1,0,0,0,0,0,0,0,1,0,0
PL_M11SWANT,?wider,4,896,3,4,102,0,0,1,0,0,0,0,0,0,0,0,1,0
PL_M11WARBISK,Warta,4,8221,1,6,124,0,0,1,0,0,0,0,0,0,0,0,1,0
PL_M11WKRARa,Wkra,12,1954,0,4,106,0,0,1,0,0,0,0,0,0,0,0,0,1
PL_M12PLOSKAuj,Pàoska,12,183,1,2,127,0,0,1,0,0,0,0,0,0,0,0,0,1
PL_M12RZALO,Rz§dza,12,945,1,3,78,0,0,1,0,0,0,0,0,0,0,0,0,1
PL_M12SAJNA,Sajna,4,50,12,2,84,0,0,1,0,0,0,0,0,0,0,0,1,0
PL_M12SOLMA,Solinka,3,37,0,2,597,0,0,0,0,0,0,1,0,0,0,1,0,0
PL_M12WARTAKAM,Warta,6,4353,1,5,158,0,0,1,0,0,0,0,0,0,0,1,0,0
PL_M12WKRAS,Wkra,4,5317,1,4,73,0,0,1,0,0,0,0,0,0,0,0,1,0
PL_M13BYSBO,Bystra,6,315,3,3,123,0,0,1,0,0,0,0,0,0,0,1,0,0
PL_M13DRWESAMB,Drw?ca,12,1678,0,4,84,0,0,1,0,0,0,0,0,0,0,0,0,1
PL_M13KACGO,Kacza,5,48,8,2,16,0,0,1,0,0,0,0,0,0,0,0,1,0
PL_M13KLIKpow,Klikawa,5,69,6,2,356,0,0,1,0,0,0,0,0,0,0,0,1,0
PL_M13STRW,Strwi§ñ,3,213,4,4,395,0,0,0,0,0,0,1,0,0,0,1,0,0
PL_M13STUPBRZU,Stupnica,6,156,3,3,228,0,0,1,0,0,0,0,0,0,0,1,0,0
PL_M13TANEWOTA,Tanew,5,2212,1,5,162,0,0,1,0,0,0,0,0,0,0,0,1,0
PL_M14BIGLBINY,Biaàa Gàuchoàaska,4,67,5,2,212,0,0,1,0,0,0,0,0,0,0,0,1,0
PL_M14SLACZ,?l§czka,4,32,2,2,265,0,0,1,0,0,0,0,0,0,0,0,1,0
PL_M14ZWLEGOSC,Zwlecza,12,78,2,2,216,0,0,1,0,0,0,0,0,0,0,0,0,1
PL_M15KONSTRULO,KoÑska Struga,6,99,2,3,164,0,0,1,0,0,0,0,0,0,0,1,0,0
PL_M15MURYKRZA,Murynia,4,57,2,1,186,0,0,1,0,0,0,0,0,0,0,0,1,0
PL_M15PRUDYTM,Prudnik,4,206,2,3,218,0,0,1,0,0,0,0,0,0,0,0,1,0
PL_M15REKO,Rekowa,12,103,0,1,34,0,0,1,0,0,0,0,0,0,0,0,0,1
PL_M15WELPi,Wel,5,583,2,3,121,0,0,1,0,0,0,0,0,0,0,0,1,0
PL_M15WETKA,Wetlina,3,158,8,4,520,0,0,0,0,0,0,1,0,0,0,1,0,0
PL_M16NARUFROMB,Narusa,4,49,5,2,12,0,0,1,0,0,0,0,0,0,0,0,1,0
PL_M16PISKTULN,Piskornica,12,87,1,1,140,0,0,1,0,0,0,0,0,0,0,0,0,1
PL_M16REWE,Reska W?gorza,4,251,2,3,51,0,0,1,0,0,0,0,0,0,0,0,1,0
PL_M16WELJa,Wel,4,741,1,3,94,0,0,1,0,0,0,0,0,0,0,0,1,0
PL_M16WIAR1,Wiar,6,132,3,3,331,0,0,1,0,0,0,0,0,0,0,1,0,0
PL_M17MIENSKE,MieÑ,4,162,0,1,110,0,0,1,0,0,0,0,0,0,0,0,1,0
PL_M17NYSKL1,Nysa Kàodzka,4,1088,3,5,284,0,0,1,0,0,0,0,0,0,0,0,1,0
PL_M17PILICMALUS,Pilica,12,1442,1,4,208,0,0,1,0,0,0,0,0,0,0,0,0,1
PL_M17SAPO,S§pÙlna,4,207,0,3,38,0,0,1,0,0,0,0,0,0,0,0,1,0
PL_M17STEBO,Stepnica,12,170,1,2,28,0,0,1,0,0,0,0,0,0,0,0,0,1
PL_M17WIAR2,Wiar,6,239,5,3,233,0,0,1,0,0,0,0,0,0,0,1,0,0
PL_M18GRALA,Grabia,6,501,1,4,163,0,0,1,0,0,0,0,0,0,0,1,0,0
PL_M18SEPO,S?polna,4,202,1,2,96,0,0,1,0,0,0,0,0,0,0,0,1,0
PL_M18WIAR3,Wiar,3,65,6,3,382,0,0,0,0,0,0,1,0,0,0,1,0,0
PL_M19CZNITO,Czarna Nida,6,1207,1,4,211,0,0,1,0,0,0,0,0,0,0,1,0,0
PL_M19GRAZA,Grabia,12,798,1,4,144,0,0,1,0,0,0,0,0,0,0,0,0,1
PL_M19PASLSMOL,Pasà?ka,4,33,3,2,120,0,0,1,0,0,0,0,0,0,0,0,1,0
PL_M19WISLO1,Wisàok,3,69,5,2,450,0,0,0,0,0,0,1,0,0,0,1,0,0
PL_M1BLUD,Bludzia,4,94,6,2,157,0,0,1,0,0,0,0,0,0,0,0,1,0
PL_M1ORLICA,Orlica,5,116,8,3,558,0,0,1,0,0,0,0,0,0,0,0,1,0
PL_M1UJSO,Ujsoàa,3,107,11,3,521,0,0,0,0,0,0,1,0,0,0,1,0,0
PL_M20GRAKA,Grabia,6,264,1,2,180,0,0,1,0,0,0,0,0,0,0,1,0,0
PL_M20PLIZAM,Pliszka,5,95,2,3,88,0,0,1,0,0,0,0,0,0,0,0,1,0
PL_M21JASPJ,Jasioàka,3,44,9,2,440,0,0,0,0,0,0,1,0,0,0,1,0,0
PL_M21LUTSM,Lutynia,4,576,0,3,78,0,0,1,0,0,0,0,0,0,0,0,1,0
PL_M21PISAMo,Pisa,4,5064,0,5,97,0,0,1,0,0,0,0,0,0,0,0,1,0
PL_M21UKLE,Ukleja,4,224,1,3,34,0,0,1,0,0,0,0,0,0,0,0,1,0
PL_M22BANPo,BanÙwka,5,139,4,2,38,0,0,1,0,0,0,0,0,0,0,0,1,0
PL_M22DRALO,Drawa,4,3084,1,6,30,0,0,1,0,0,0,0,0,0,0,0,1,0
PL_M22JASST,Jasioàka,3,121,7,3,391,0,0,0,0,0,0,1,0,0,0,1,0,0
PL_M22OMULKr,Omulew,12,1948,3,4,97,0,0,1,0,0,0,0,0,0,0,0,0,1
PL_M22ZGLOTO,Zgàowi§czka,4,284,1,3,72,0,0,1,0,0,0,0,0,0,0,0,1,0
PL_M23KACZNM,Nysa Maàa,4,101,4,2,226,0,0,1,0,0,0,0,0,0,0,0,1,0
PL_M23ROZWa,Rozoga,12,554,0,3,94,0,0,1,0,0,0,0,0,0,0,0,0,1
PL_M23WAGOP,W§glanka,12,105,0,2,174,0,0,1,0,0,0,0,0,0,0,0,0,1
PL_M24DOSKO,Dopàyw spod Kobylnik,6,33,1,1,108,0,0,1,0,0,0,0,0,0,0,1,0,0
PL_M24DrRZOP,Drzewiczka,12,503,1,3,175,0,0,1,0,0,0,0,0,0,0,0,0,1
PL_M24WIENAM,Wieprz,12,238,2,3,248,0,0,1,0,0,0,0,0,0,0,0,0,1
PL_M25LUCTR,Luci§ña,6,87,2,2,197,0,0,1,0,0,0,0,0,0,0,1,0,0
PL_M25OSOBL,Osobàoga,4,974,1,4,161,0,0,1,0,0,0,0,0,0,0,0,1,0
PL_M25WDAML,Wda,12,12,0,1,104,0,0,1,0,0,0,0,0,0,0,0,0,1
PL_M26HWOZNApg,HwoÆna,4,80,1,2,152,0,0,1,0,0,0,0,0,0,0,0,1,0
PL_M26LUCPR,Luci§ña,4,712,3,3,164,0,0,1,0,0,0,0,0,0,0,0,1,0
PL_M26WIECH,Wieprza,12,1490,1,4,14,0,0,1,0,0,0,0,0,0,0,0,0,1
PL_M27NKLOPO,Posna,5,4,49,1,427,0,0,1,0,0,0,0,0,0,0,0,1,0
PL_M27RUZIDULN,Ruziec,4,300,5,3,54,0,0,1,0,0,0,0,0,0,0,0,1,0
PL_M28DRAMI,Drawa,4,899,0,4,94,0,0,1,0,0,0,0,0,0,0,0,1,0
PL_M2BLED,Bà?dzianka,4,36,6,1,194,0,0,1,0,0,0,0,0,0,0,0,1,0
PL_M2CZAST,Czarna Staszowska,12,122,2,3,242,0,0,1,0,0,0,0,0,0,0,0,0,1
PL_M2STRA,Str§ñyski Potok,2,6,61,1,960,0,0,0,0,0,0,1,0,0,0,0,1,0
PL_M32KLOPOT,Kàopotnica,4,39,13,2,312,0,0,1,0,0,0,0,0,0,0,0,1,0
PL_M32PASPe,Pasà?ka,12,474,5,4,98,0,0,1,0,0,0,0,0,0,0,0,0,1
PL_M32SLOMI,Sàopica,4,55,0,3,80,0,0,1,0,0,0,0,0,0,0,0,1,0
PL_M33DRAPL,Drawa,4,2299,3,5,46,0,0,1,0,0,0,0,0,0,0,0,1,0
PL_M35IZERpon,Izera,5,82,23,2,684,0,0,1,0,0,0,0,0,0,0,0,1,0
PL_M35WIARST,Wiar,6,719,1,4,199,0,0,1,0,0,0,0,0,0,0,1,0,0
PL_M36BZULO,Bzura,4,3406,0,4,80,0,0,1,0,0,0,0,0,0,0,0,1,0
PL_M37WDASTRZ,Wda,4,36,1,3,89,0,0,1,0,0,0,0,0,0,0,0,1,0
PL_M38DRWELG,Drw?ca,4,4856,1,5,48,0,0,1,0,0,0,0,0,0,0,0,1,0
PL_M38RAWBG,Rawka,4,1047,1,4,99,0,0,1,0,0,0,0,0,0,0,0,1,0
PL_M38SANRA,San,4,5787,0,5,180,0,0,1,0,0,0,0,0,0,0,0,1,0
PL_M3BRDA,Brda,4,111,1,3,148,0,0,1,0,0,0,0,0,0,0,0,1,0
PL_M3BROKNZ,Brok,12,727,1,3,98,0,0,1,0,0,0,0,0,0,0,0,0,1
PL_M3GRZY,Grzybnica,4,93,1,3,3,0,0,1,0,0,0,0,0,0,0,0,1,0
PL_M3HOCZ,Hoczewka,6,169,7,3,354,0,0,1,0,0,0,0,0,0,0,1,0,0
PL_M40MIEMO,Miedwianka,4,37,0,3,15,0,0,1,0,0,0,0,0,0,0,0,1,0
PL_M49KOKNAuj,Kokna,4,74,1,2,115,0,0,1,0,0,0,0,0,0,0,0,1,0
PL_M4KALTA,Kalniczka,6,75,8,2,340,0,0,1,0,0,0,0,0,0,0,1,0,0
PL_M5GUJA,Gunica,4,10,3,1,4,0,0,1,0,0,0,0,0,0,0,0,1,0
PL_M5SKAW,Skawica,3,130,13,4,433,0,0,0,0,0,0,1,0,0,0,1,0,0
PL_M5SOLKO,Soàokija,6,296,2,3,218,0,0,1,0,0,0,0,0,0,0,1,0,0
PL_M6GLAZ,GlaÆna,12,72,3,2,22,0,0,1,0,0,0,0,0,0,0,0,0,1
PL_M6KAGA,Kalica,4,232,1,3,2,0,0,1,0,0,0,0,0,0,0,0,1,0
PL_M6MORHA,Morwawa,4,109,3,2,286,0,0,1,0,0,0,0,0,0,0,0,1,0
PL_M7GREM,GremzdÙwka,12,33,0,1,126,0,0,1,0,0,0,0,0,0,0,0,0,1
PL_M7OSLA,Osàawa,3,69,8,3,532,0,0,0,0,0,0,1,0,0,0,1,0,0
PL_M7WILSP,Wilga,4,301,1,3,128,0,0,1,0,0,0,0,0,0,0,0,1,0
PL_M8KWA,Kwacza,12,82,1,2,21,0,0,1,0,0,0,0,0,0,0,0,0,1
PL_M8LIWKi,Liwiec,12,1042,1,3,134,0,0,1,0,0,0,0,0,0,0,0,0,1
PL_M9KALE,Piertanka,4,41,4,2,148,0,0,1,0,0,0,0,0,0,0,0,1,0
PL_M9LIWWP,Liwiec,4,2404,1,4,102,0,0,1,0,0,0,0,0,0,0,0,1,0
PL_M9MRONO,Mroñyca,6,73,3,1,154,0,0,1,0,0,0,0,0,0,0,1,0,0
PL_R01CIE,Cieszynka,4,1,5,1,66,0,0,1,0,0,0,0,0,0,0,0,1,0
PL_R01PLIKOS,Pliszka,5,162,2,3,72,0,0,1,0,0,0,0,0,0,0,0,1,0
PL_R02CZAHA,Czarna HaÑcza,12,120,1,2,174,0,0,1,0,0,0,0,0,0,0,0,0,1
PL_R03CSTDRO,Czarna Staszowska,12,147,3,3,234,0,0,1,0,0,0,0,0,0,0,0,0,1
PL_R03RURZ,Rurzyca,4,89,4,3,82,0,0,1,0,0,0,0,0,0,0,0,1,0
PL_R03WIARY,Wiar,6,169,4,3,292,0,0,1,0,0,0,0,0,0,0,1,0,0
PL_R05RAWWOL,Rawka,6,609,1,3,128,0,0,1,0,0,0,0,0,0,0,1,0,0
PL_R06TUSDA,Tuszymka,4,151,2,2,192,0,0,1,0,0,0,0,0,0,0,0,1,0
PL_R07WISSW,Wisàoka,3,119,7,3,406,0,0,0,0,0,0,1,0,0,0,1,0,0
PL_R08LYNAST,úyna,4,5339,0,5,24,0,0,1,0,0,0,0,0,0,0,0,1,0
PL_R11KOCTRZE,Kocinka,6,266,4,3,190,0,0,1,0,0,0,0,0,0,0,1,0,0
PL_R14KRASTA,Krasna,4,121,3,2,258,0,0,1,0,0,0,0,0,0,0,0,1,0
PL_R16MILGL,MiàakÙwka,4,183,3,2,64,0,0,1,0,0,0,0,0,0,0,0,1,0
PL_R16NARPLO,Narew,12,2017,0,5,123,0,0,1,0,0,0,0,0,0,0,0,0,1
PL_R19PLIURA,Pliszka,4,355,2,3,38,0,0,1,0,0,0,0,0,0,0,0,1,0
PL_R1OSLAWA20,Osàawa,3,159,8,3,464,0,0,0,0,0,0,1,0,0,0,1,0,0
PL_R1WDA004,Wda,4,146,2,3,141,0,0,1,0,0,0,0,0,0,0,0,1,0
PL_R21PRULA,Prusina,5,221,2,4,76,0,0,1,0,0,0,0,0,0,0,0,1,0
PL_R22TANREB,Tanew,5,120,1,2,256,0,0,1,0,0,0,0,0,0,0,1,0,0
PL_R24STUPR,Studnica,5,305,1,3,64,0,0,1,0,0,0,0,0,0,0,0,1,0
PL_R2SAN20,San,4,413,4,4,526,0,0,0,0,0,0,1,0,0,0,0,1,0
PL_R2SLU058,Kamienna,12,27,7,1,48,0,0,1,0,0,0,0,0,0,0,0,0,1
PL_R3SOLINKA20,Solinka,3,326,5,4,442,0,0,0,0,0,0,1,0,0,0,1,0,0
PL_R5WIP025,Pokrzywna,5,238,4,3,72,0,0,1,0,0,0,0,0,0,0,0,1,0
PpJa1006,Potocnikov potok,5,18,66,2,442,0,0,1,0,0,0,0,0,0,0,1,0,0
PT_ISA01/07,Riba Cerca,11,39,19,3,170,0,0,0,0,0,1,0,0,0,0,0,1,0
PT_ISA02/07,Riba Seixe,11,94,8,3,78,0,0,0,0,0,1,0,0,0,0,0,1,0
PT_ISA03/08,Riba Alportel,11,76,8,2,156,0,0,0,0,0,1,0,0,0,0,0,1,0
PT_ISA05/07,Riba Seixe,11,140,7,3,54,0,0,0,0,0,1,0,0,0,0,0,1,0
PT_ISA06/08,Riba Fornalha,11,7,36,2,159,0,0,0,0,0,1,0,0,0,0,0,1,0
RadL1006,Radoljna,2,36,46,3,452,0,0,0,0,0,0,1,0,0,0,0,1,0
RaKd0695,Radovna,1,57,6,3,699,0,0,0,0,0,0,1,0,0,0,1,0,0
RaPt0695,Radovna,2,63,10,3,682,0,0,0,0,0,0,1,0,0,0,0,1,0
RaTo0885,Radovna,2,63,10,3,682,0,0,0,0,0,0,1,0,0,0,0,1,0
RaZr0695,Radovna,2,74,7,3,671,0,0,0,0,0,0,1,0,0,0,0,1,0
SaGl0382,Sava,5,897,3,5,404,0,0,1,0,0,0,0,0,0,0,0,1,0
SaPn0382,Sava,5,958,2,5,379,0,0,1,0,0,0,0,0,0,0,0,1,0
SBLo1107,Sava Bohinjka,3,231,3,5,500,0,0,0,0,0,0,1,0,0,0,0,1,0
SBMa0992,Sava Bohinjka,5,365,10,5,440,0,0,1,0,0,0,0,0,0,0,0,1,0
SBNo1107,Sava Bohinjka,3,313,6,5,487,0,0,0,0,0,0,1,0,0,0,0,1,0
SBPo0281,Sava Bohinjka,2,189,4,5,523,0,0,0,0,0,0,1,0,0,0,0,1,0
SBRi1107,Sava Bohinjka,5,399,6,5,424,0,0,1,0,0,0,0,0,0,0,0,1,0
SBSo1107,Sava Bohinjka,3,319,0,5,484,0,0,0,0,0,0,1,0,0,0,1,0,0
SC_103660,Creran,12,29,16,2,36,0,1,0,0,0,0,0,0,0,0,0,0,1
SC_1582,Forth,7,144,0,3,18,0,1,0,0,0,0,0,0,0,0,0,1,0
SC_206779,Halladale,12,95,8,2,58,0,1,0,0,0,0,0,0,0,0,0,0,1
SC_233986,Merkland,12,46,10,3,106,0,1,0,0,0,0,0,0,0,0,0,0,1
SC_3490,Red Burn,7,22,11,1,92,0,1,0,0,0,0,0,0,0,0,0,1,0
SC_350258,Carron,12,143,3,3,10,0,1,0,0,0,0,0,0,0,0,0,0,1
SC_350297,Gruinard River,12,159,11,3,46,0,1,0,0,0,0,0,0,0,0,0,0,1
SC_359053,Gleann Dubh,12,32,28,2,200,0,1,0,0,0,0,0,0,0,0,0,0,1
SC_359064,Whiteadder Water,7,284,4,3,74,0,1,0,0,0,0,0,0,0,0,0,1,0
SC_359065,Tweed,7,977,3,4,124,0,1,0,0,0,0,0,0,0,0,0,1,0
SC_359071,Jed Water/Raven Burn,7,152,5,3,74,0,1,0,0,0,0,0,0,0,0,0,1,0
SC_359072,Ale Water,7,168,4,2,100,0,1,0,0,0,0,0,0,0,0,0,1,0
SC_359101,Aros River/Ledmore,12,49,9,2,20,0,1,0,0,0,0,0,0,0,0,0,0,1
SC_359102,Laggan,7,40,4,2,29,0,1,0,0,0,0,0,0,0,0,0,1,0
SC_359119,Duisk,12,36,10,1,106,0,1,0,0,0,0,0,0,0,0,0,0,1
SC_359122,Water of Luce,12,32,13,1,162,0,1,0,0,0,0,0,0,0,0,0,0,1
SC_359124,Lady Burn,12,17,15,1,34,0,1,0,0,0,0,0,0,0,0,0,0,1
SC_359125,Milton Burn/Dergoals Burn,12,19,16,1,20,0,1,0,0,0,0,0,0,0,0,0,0,1
SC_359126,Bladnoch/Pulganny Burn,7,252,3,3,24,0,1,0,0,0,0,0,0,0,0,0,1,0
SC_359128,Moneypool Burn,7,25,20,1,64,0,1,0,0,0,0,0,0,0,0,0,1,0
SC_359129,Water of Fleet/Big Water of Fleet/Mid Burn,12,100,2,2,8,0,1,0,0,0,0,0,0,0,0,0,0,1
SC_359141,Berriedale Water,12,58,11,3,170,0,1,0,0,0,0,0,0,0,0,0,0,1
SC_359142,Langwell Water,12,70,13,3,74,0,1,0,0,0,0,0,0,0,0,0,0,1
SC_359144,Alness,12,101,4,3,177,0,1,0,0,0,0,0,0,0,0,0,0,1
SC_359146,Muckle Burn,7,125,2,2,9,0,1,0,0,0,0,0,0,0,0,0,1,0
SC_359147,Nevis,12,77,4,3,14,0,1,0,0,0,0,0,0,0,0,0,0,1
SC_359149,Scaddle / Cona River,12,36,12,2,67,0,1,0,0,0,0,0,0,0,0,0,0,1
SC_359150,Ailort,12,8,10,1,150,0,1,0,0,0,0,0,0,0,0,0,0,1
SC_359152,Ling,12,123,16,4,24,0,1,0,0,0,0,0,0,0,0,0,0,1
SC_359155,Abhainn Bharabhais,12,15,14,1,58,0,1,0,0,0,0,0,0,0,0,0,0,1
SC_359159,Dulnain,12,122,8,2,329,0,1,0,0,0,0,0,0,0,0,0,0,1
SC_359160,Feshie,12,116,8,3,343,0,1,0,0,0,0,0,0,0,0,0,0,1
SC_359163,Deveron,7,70,11,2,284,0,1,0,0,0,0,0,0,0,0,0,1,0
SC_367966,Leddown Burn/Lunan Burn,7,17,15,1,130,0,1,0,0,0,0,0,0,0,0,0,1,0
SC_367967,Snizort,12,57,10,2,56,0,1,0,0,0,0,0,0,0,0,0,0,1
SC_367971,Nairn,12,234,5,4,97,0,1,0,0,0,0,0,0,0,0,0,0,1
SC_367972,Sandside Burn,12,26,18,1,96,0,1,0,0,0,0,0,0,0,0,0,0,1
SC_367974,Naver,12,366,3,4,65,0,1,0,0,0,0,0,0,0,0,0,0,1
SC_374560,Feshie,12,21,6,2,264,0,1,0,0,0,0,0,0,0,0,0,0,1
SC_374610,Helmsdale,12,372,4,4,90,0,1,0,0,0,0,0,0,0,0,0,0,1
SC_374611,Helmsdale,12,159,5,4,112,0,1,0,0,0,0,0,0,0,0,0,0,1
SC_8473,Isla,12,103,7,3,251,0,1,0,0,0,0,0,0,0,0,0,0,1
SDLo0606,Sava Dolinka,2,63,12,3,772,0,0,0,0,0,0,1,0,0,0,0,1,0
SE0014,Verkaan,5,110,11,2,48,0,0,1,0,0,0,0,0,0,0,0,1,0
SE0015,Verkaan,5,156,3,2,8,0,0,1,0,0,0,0,0,0,0,0,1,0
SE0016,Verkaan,5,117,5,2,29,0,0,1,0,0,0,0,0,0,0,0,1,0
SE0017,Verkaan,5,144,2,2,20,0,0,1,0,0,0,0,0,0,0,0,1,0
SE0027,Sk?ran,5,23,13,1,104,0,0,1,0,0,0,0,0,0,0,0,1,0
SE0028,Sk?ran,5,23,13,1,104,0,0,1,0,0,0,0,0,0,0,0,1,0
SE0030,Sk?ran,5,23,13,1,104,0,0,1,0,0,0,0,0,0,0,0,1,0
SE0031,Klingstorpab?cken,5,12,10,1,75,0,0,1,0,0,0,0,0,0,0,0,1,0
SE0032,Klingstorpab?cken,5,12,10,1,75,0,0,1,0,0,0,0,0,0,0,0,1,0
SE0136,H?gvadsan,8,281,3,3,74,0,0,0,0,0,0,0,1,0,0,0,1,0
SE0144,Moran,14,56,4,2,124,0,0,0,0,0,0,0,1,0,0,0,1,0
SE0149,Viran,14,566,3,3,9,0,0,0,0,0,0,0,1,0,0,0,1,0
SE0150,H?gvadsan,8,91,2,2,119,0,0,0,0,0,0,0,1,0,0,0,1,0
SE0154,Viran,14,80,3,2,22,0,0,0,0,0,0,0,1,0,0,0,1,0
SE0158,Lillan,8,43,4,2,134,0,0,0,0,0,0,0,1,0,0,0,1,0
SE0159,Lillan,8,43,4,2,134,0,0,0,0,0,0,0,1,0,0,0,1,0
SE0160,Lillan,14,25,15,2,190,0,0,0,0,0,0,0,1,0,0,0,1,0
SE0172,Eman,14,13,2,1,221,0,0,0,0,0,0,0,1,0,0,0,1,0
SE0179,Gnyltan,14,29,5,1,207,0,0,0,0,0,0,0,1,0,0,0,1,0
SE0189,Svanan,8,109,5,2,194,0,0,0,0,0,0,0,1,0,0,0,1,0
SE0195,Silveran,8,173,3,3,132,0,0,0,0,0,0,0,1,0,0,0,1,0
SE0196,Silveran,14,173,3,3,132,0,0,0,0,0,0,0,1,0,0,0,1,0
SE0198,Silveran,8,106,1,3,150,0,0,0,0,0,0,0,1,0,0,0,1,0
SE0203,Lindasab?cken,14,40,7,1,150,0,0,0,0,0,0,0,1,0,0,0,1,0
SE0204,Lindasab?cken,8,40,7,1,150,0,0,0,0,0,0,0,1,0,0,0,1,0
SE0208,Sj?ls?an,9,47,7,1,32,0,0,0,0,0,0,0,1,0,0,1,0,0
SE0230,Kolareb?cken,15,22,8,1,272,0,0,0,0,0,0,0,1,0,0,0,1,0
SE0231,Kolareb?cken,14,22,8,1,272,0,0,0,0,0,0,0,1,0,0,0,1,0
SE0242,Gagnan,15,53,4,1,186,0,0,0,0,0,0,0,1,0,0,0,1,0
SE0257,Hj?ll?b?cken,15,20,5,2,113,0,0,0,0,0,0,0,1,0,0,0,1,0
SE0265,Passdalsan,14,47,1,2,13,0,0,0,0,0,0,0,1,0,0,0,1,0
SE0266,Passdalsan,14,47,1,2,13,0,0,0,0,0,0,0,1,0,0,0,1,0
SE0267,K?rraan,14,30,13,1,55,0,0,0,0,0,0,0,1,0,0,0,1,0
SE0273,Bro?lven,14,34,2,1,8,0,0,0,0,0,0,0,1,0,0,0,1,0
SE0284,Hajums?lven,8,149,2,3,72,0,0,0,0,0,0,0,1,0,0,0,1,0
SE0309,Steneby?lven,14,268,2,3,82,0,0,0,0,0,0,0,1,0,0,0,1,0
SE0330,Orviksandsb?cken,15,7,8,1,124,0,0,0,0,0,0,0,1,0,0,0,1,0
SE0344,Tr?s?lven,8,8,9,1,154,0,0,0,0,0,0,0,1,0,0,0,1,0
SE0348,Loan,14,80,11,2,12,0,0,0,0,0,0,0,1,0,0,0,1,0
SE0349,Loan,14,80,11,2,12,0,0,0,0,0,0,0,1,0,0,0,1,0
SE0353,N. Bak?lven,15,29,17,1,200,0,0,0,0,0,0,0,1,0,0,0,1,0
SE0354,N. Bak?lven,15,29,17,1,200,0,0,0,0,0,0,0,1,0,0,0,1,0
SE0401,Svartb?cken,14,10,16,1,325,0,0,0,0,0,0,0,1,0,0,0,1,0
SE0402,Svartb?cken,14,10,16,1,325,0,0,0,0,0,0,0,1,0,0,0,1,0
SE0403,Svartb?cken,14,10,16,1,325,0,0,0,0,0,0,0,1,0,0,0,1,0
SE0405,H?sboan,15,90,5,3,243,0,0,0,0,0,0,0,1,0,0,0,1,0
SE0406,Oradb?cken,12,14,20,1,416,0,0,0,0,0,0,0,1,0,0,0,0,1
SE0407,Oradb?cken,12,14,20,1,416,0,0,0,0,0,0,0,1,0,0,0,0,1
SE0409,Oradb?cken,12,27,17,2,370,0,0,0,0,0,0,0,1,0,0,0,0,1
SE0433,Strafulan,14,35,12,2,628,0,0,0,0,0,0,0,1,0,0,0,1,0
SE0445,Djursvasslan,14,41,6,2,609,0,0,0,0,0,0,0,1,0,0,0,1,0
SE0447,H?ggingan,14,22,28,1,780,0,0,0,0,0,0,0,1,0,0,0,1,0
SE0448,Djursvasslan,14,41,6,2,609,0,0,0,0,0,0,0,1,0,0,0,1,0
SE0455,Skalb?cken,14,6,10,1,356,0,0,0,0,0,0,0,1,0,0,0,1,0
SE0456,Skalb?cken,14,6,10,1,356,0,0,0,0,0,0,0,1,0,0,0,1,0
SE0459,Gammelgardsb?cken,14,17,28,1,240,0,0,0,0,0,0,0,1,0,0,0,1,0
SE0460,Gammelgardsb?cken,14,17,28,1,240,0,0,0,0,0,0,0,1,0,0,0,1,0
SE0461,Gammelgardsb?cken,14,17,28,1,240,0,0,0,0,0,0,0,1,0,0,0,1,0
SE0464,Fj?tan,2,30,11,1,794,0,0,0,0,0,0,1,0,0,0,0,1,0
SE0465,Fj?tan,2,30,11,1,794,0,0,0,0,0,0,1,0,0,0,0,1,0
SE0468,B?nkasb?cken,14,6,35,1,4,0,0,0,0,0,0,0,1,0,0,0,1,0
SE0469,B?nkasb?cken,14,6,35,1,4,0,0,0,0,0,0,0,1,0,0,0,1,0
SE0470,B?nkasb?cken,14,6,35,1,4,0,0,0,0,0,0,0,1,0,0,0,1,0
SE0471,Kvars?ttb?cken,14,34,18,1,86,0,0,0,0,0,0,0,1,0,0,0,1,0
SE0472,Kvars?ttb?cken,14,34,18,1,86,0,0,0,0,0,0,0,1,0,0,0,1,0
SE0473,Kvars?ttb?cken,14,34,18,1,86,0,0,0,0,0,0,0,1,0,0,0,1,0
SE0479,Viskansb?cken,14,13,37,2,129,0,0,0,0,0,0,0,1,0,0,0,1,0
SE0480,Viskansb?cken,14,13,37,2,129,0,0,0,0,0,0,0,1,0,0,0,1,0
SE0488,Navaran,14,44,18,2,240,0,0,0,0,0,0,0,1,0,0,0,1,0
SE0489,Navaran,15,20,1,1,204,0,0,0,0,0,0,0,1,0,0,0,1,0
SE0495,M?rttj?rnsb?cken,14,13,23,1,344,0,0,0,0,0,0,0,1,0,0,0,1,0
SE0501,Hornsj?b?cken,14,7,15,1,202,0,0,0,0,0,0,0,1,0,0,0,1,0
SE0510,Pojktj?rnsb?cken,2,8,27,1,866,0,0,0,0,0,0,1,0,0,0,0,1,0
SE0513,Lekaran,2,75,26,2,624,0,0,0,0,0,0,1,0,0,0,0,1,0
SE0518,Vedan,14,11,33,1,62,0,0,0,0,0,0,0,1,0,0,0,1,0
SE0519,Bastuan,2,30,15,2,468,0,0,0,0,0,0,1,0,0,0,0,1,0
SE0520,Bastuan,2,30,15,2,468,0,0,0,0,0,0,1,0,0,0,0,1,0
SE0521,Bastuan,2,42,4,2,450,0,0,0,0,0,0,1,0,0,0,0,1,0
SE0528,Gulan,14,32,11,2,241,0,0,0,0,0,0,0,1,0,0,0,1,0
SE0530,Gulan,14,6,25,1,272,0,0,0,0,0,0,0,1,0,0,0,1,0
SE0533,Semlan,8,130,6,2,352,0,0,0,0,0,0,0,1,0,0,0,1,0
SE0538,Forsan,14,62,12,2,76,0,0,0,0,0,0,0,1,0,0,0,1,0
SE0539,Forsan,14,62,12,2,76,0,0,0,0,0,0,0,1,0,0,0,1,0
SE0540,Kvarnan,14,48,10,2,192,0,0,0,0,0,0,0,1,0,0,0,1,0
SE0541,Forsan,14,62,12,2,76,0,0,0,0,0,0,0,1,0,0,0,1,0
SE0542,Kvarnan,8,48,10,2,192,0,0,0,0,0,0,0,1,0,0,0,1,0
SE0543,Forsan,14,62,12,2,76,0,0,0,0,0,0,0,1,0,0,0,1,0
SE0544,Kvarnan,14,48,10,2,192,0,0,0,0,0,0,0,1,0,0,0,1,0
SE0545,Saluan,14,83,9,2,20,0,0,0,0,0,0,0,1,0,0,0,1,0
SE0552,?re ?lv,14,2990,2,4,20,0,0,0,0,0,0,0,1,0,0,0,1,0
SE0553,L?gde ?lv,8,1503,3,4,19,0,0,0,0,0,0,0,1,0,0,0,1,0
SE0556,?re ?lv,14,2990,2,4,20,0,0,0,0,0,0,0,1,0,0,0,1,0
SE0558,L?gde ?lv,14,1425,5,4,71,0,0,0,0,0,0,0,1,0,0,0,1,0
SE0565,H?kvattsan,12,113,6,3,364,0,0,0,0,0,0,1,0,0,0,0,0,1
SE0566,H?kvattsan,12,113,6,3,364,0,0,0,0,0,0,1,0,0,0,0,0,1
SE0567,H?kvattsan,2,113,6,3,364,0,0,0,0,0,0,1,0,0,0,0,1,0
SE0570,G?llarb?cken,14,24,15,2,340,0,0,0,0,0,0,0,1,0,0,0,1,0
SE0582,Grabboksj?b?cken,14,14,12,1,324,0,0,0,0,0,0,0,1,0,0,0,1,0
SE0589,Bergvattensj?b?cken,14,12,12,1,348,0,0,0,0,0,0,0,1,0,0,0,1,0
SE0590,Bergvattensj?b?cken,14,12,12,1,348,0,0,0,0,0,0,0,1,0,0,0,1,0
SE0597,Vindel?lven,14,11789,3,5,143,0,0,0,0,0,0,0,1,0,0,0,1,0
SE0603,?stra Bjurb?cken,14,32,14,1,348,0,0,0,0,0,0,0,1,0,0,0,1,0
SE0611,B?ckmyrb?cken,14,11,16,1,376,0,0,0,0,0,0,0,1,0,0,0,1,0
SE0612,B?ckmyrb?cken,14,11,16,1,376,0,0,0,0,0,0,0,1,0,0,0,1,0
SE0618,Javanb?cken,14,49,16,2,386,0,0,0,0,0,0,0,1,0,0,0,1,0
SE0619,Javanb?cken,14,49,16,2,386,0,0,0,0,0,0,0,1,0,0,0,1,0
SE0620,Kage ?lv,8,901,4,4,9,0,0,0,0,0,0,0,1,0,0,0,1,0
SE0636,Byske ?lv,8,3637,4,5,16,0,0,0,0,0,0,0,1,0,0,0,1,0
SE0645,Vindel?lven,14,7980,1,5,259,0,0,0,0,0,0,0,1,0,0,0,1,0
SE0646,Vindel?lven,14,7980,1,5,259,0,0,0,0,0,0,0,1,0,0,0,1,0
SE0649,Vindel?lven,14,7787,3,5,274,0,0,0,0,0,0,0,1,0,0,0,1,0
SE0650,Skansn?san,2,100,6,3,480,0,0,0,0,0,0,1,0,0,0,0,1,0
SE0653,Skansn?san,2,100,6,3,480,0,0,0,0,0,0,1,0,0,0,0,1,0
SE0654,Skansn?san,2,100,6,3,480,0,0,0,0,0,0,1,0,0,0,0,1,0
SE0657,Vindel?lven,8,6644,3,5,326,0,0,0,0,0,0,0,1,0,0,0,1,0
SE0659,Vapst?lven,2,606,11,3,476,0,0,0,0,0,0,1,0,0,0,0,1,0
SE0660,Vapst?lven,2,535,5,3,530,0,0,0,0,0,0,1,0,0,0,0,1,0
SE0661,Vapst?lven,2,606,11,3,476,0,0,0,0,0,0,1,0,0,0,0,1,0
SE0662,Bergmyrb?cken,14,19,21,1,444,0,0,0,0,0,0,0,1,0,0,0,1,0
SE0664,Bergmyrb?cken,14,19,21,1,444,0,0,0,0,0,0,0,1,0,0,0,1,0
SE0665,Bergmyrb?cken,14,19,21,1,444,0,0,0,0,0,0,0,1,0,0,0,1,0
SE0666,Pite ?lv,14,6739,3,5,208,0,0,0,0,0,0,0,1,0,0,0,1,0
SE0667,Njallab?cken,14,40,22,2,183,0,0,0,0,0,0,0,1,0,0,0,1,0
SE0668,Njallab?cken,14,40,22,2,183,0,0,0,0,0,0,0,1,0,0,0,1,0
SE0669,Torne ?lv,13,40112,0,6,0,0,0,0,0,0,0,0,1,0,0,0,1,0
SE0670,Kalix ?lv,13,17672,1,6,6,0,0,0,0,0,0,0,1,0,0,0,1,0
SE0671,Kalix ?lv,13,17540,2,6,20,0,0,0,0,0,0,0,1,0,0,0,1,0
SE0672,Torne ?lv,13,39956,3,6,16,0,0,0,0,0,0,0,1,0,0,0,1,0
SE0673,Lais?lven,2,1420,12,5,438,0,0,0,0,0,0,1,0,0,0,0,1,0
SE0674,Lais?lven,2,1420,12,5,438,0,0,0,0,0,0,1,0,0,0,0,1,0
SE0675,Lais?lven,2,1420,12,5,438,0,0,0,0,0,0,1,0,0,0,0,1,0
SE0676,Barasjakka,2,302,11,4,720,0,0,0,0,0,0,1,0,0,0,0,1,0
SE0677,Barasjakka,2,302,11,4,720,0,0,0,0,0,0,1,0,0,0,0,1,0
SE0678,Marsomjaure,14,4074,0,5,429,0,0,0,0,0,0,0,1,0,0,0,1,0
SE0679,Marsomjaure,14,4074,0,5,429,0,0,0,0,0,0,0,1,0,0,0,1,0
SE0680,Marsomjaure,14,4074,0,5,429,0,0,0,0,0,0,0,1,0,0,0,1,0
SE0684,Pite ?lv,14,34,0,1,431,0,0,0,0,0,0,0,1,0,0,0,1,0
SE0685,Viepsajakka,2,87,6,2,507,0,0,0,0,0,0,1,0,0,0,0,1,0
SE0686,Viepsajakka,2,87,6,2,507,0,0,0,0,0,0,1,0,0,0,0,1,0
SE0687,Viepsajakka,2,87,6,2,507,0,0,0,0,0,0,1,0,0,0,0,1,0
SE0688,¶ngesan,8,4149,2,5,43,0,0,0,0,0,0,0,1,0,0,0,1,0
SE0689,Alep Uttjajakka,2,100,8,2,392,0,0,0,0,0,0,1,0,0,0,0,1,0
SE0690,Alep Uttjajakka,2,100,8,2,392,0,0,0,0,0,0,1,0,0,0,0,1,0
SE0691,Alep Uttjajakka,2,100,8,2,392,0,0,0,0,0,0,1,0,0,0,0,1,0
SE0692,Kalix ?lv,14,9619,5,5,63,0,0,0,0,0,0,0,1,0,0,0,1,0
SE0693,Muddus?lven,14,451,20,3,226,0,0,0,0,0,0,0,1,0,0,0,1,0
SE0694,Muddus?lven,14,451,20,3,226,0,0,0,0,0,0,0,1,0,0,0,1,0
SE0695,Muddus?lven,14,451,20,3,226,0,0,0,0,0,0,0,1,0,0,0,1,0
SE0696,Pite ?lv,2,4,46,1,526,0,0,0,0,0,0,1,0,0,0,0,1,0
SE0697,¶ngesan,14,1285,3,4,150,0,0,0,0,0,0,0,1,0,0,0,1,0
SE0698,Torne ?lv,13,32053,2,6,92,0,0,0,0,0,0,0,1,0,0,0,1,0
SE0699,Torne ?lv,13,31955,0,6,103,0,0,0,0,0,0,0,1,0,0,0,1,0
SE0700,Torne ?lv,14,16691,1,6,162,0,0,0,0,0,0,0,1,0,0,0,1,0
SE0701,Torne ?lv,14,17075,0,6,152,0,0,0,0,0,0,0,1,0,0,0,1,0
SE0702,Kalix ?lv,8,6147,3,5,304,0,0,0,0,0,0,0,1,0,0,0,1,0
SE0703,Kaitum ?lv,2,3032,3,4,382,0,0,0,0,0,0,1,0,0,0,0,1,0
SE0704,Lainio ?lv,8,6127,1,5,184,0,0,0,0,0,0,0,1,0,0,0,1,0
SE0705,Lainio ?lv,14,4999,3,5,282,0,0,0,0,0,0,0,1,0,0,0,1,0
SE0706,Akkarjakka,2,22,51,2,556,0,0,0,0,0,0,1,0,0,0,0,1,0
SE0707,Akkarjakka,2,22,51,2,556,0,0,0,0,0,0,1,0,0,0,0,1,0
SE0708,Akkarjakka,2,22,51,2,556,0,0,0,0,0,0,1,0,0,0,0,1,0
SE0709,Kitki?joki,14,103,4,2,236,0,0,0,0,0,0,0,1,0,0,0,1,0
SE0710,Kitki?joki,8,103,4,2,236,0,0,0,0,0,0,0,1,0,0,0,1,0
SE0711,Kitki?joki,8,103,4,2,236,0,0,0,0,0,0,0,1,0,0,0,1,0
SE0713,Pessisjakka,2,108,10,3,371,0,0,0,0,0,0,1,0,0,0,0,1,0
SE0714,Pessisjakka,2,108,10,3,371,0,0,0,0,0,0,1,0,0,0,0,1,0
SE0715,Lainio ?lv,2,1917,6,4,448,0,0,0,0,0,0,1,0,0,0,0,1,0
SKIDIKR0003,LOMNICA_2,3,19,30,3,292,0,0,0,0,0,0,1,0,0,0,0,1,0
SKIDIKR0005,UDAVA,3,13,27,1,473,0,0,0,0,0,0,1,0,0,0,1,0,0
SKIDIKR0006,OKNA,2,34,22,3,371,0,0,0,0,0,0,1,0,0,0,0,1,0
SKIDIKR0007,STRUZNICA,1,34,19,2,423,0,0,0,0,0,0,1,0,0,0,1,0,0
SKIDIKR0008,RIEKA,1,13,29,1,435,0,0,0,0,0,0,1,0,0,0,1,0,0
SKIDIKR0010,HORNAD,1,323,9,4,486,0,0,0,0,0,0,1,0,0,0,1,0,0
SKIDIKR0011,HNILEC,1,15,31,2,942,0,0,0,0,0,0,1,0,0,0,1,0,0
SKIDIKR0012,PORACSKY P.,1,27,22,2,458,0,0,0,0,0,0,1,0,0,0,1,0,0
SKIDIKR0015,TISOVNIK,2,125,7,3,257,0,0,0,0,0,0,1,0,0,0,0,1,0
SKIDIKR0016,TISOVNIK,2,125,7,3,257,0,0,0,0,0,0,1,0,0,0,0,1,0
SKIDIKR0017,STARA RIEKA,13,152,3,3,186,0,0,0,1,0,0,0,0,0,0,1,0,0
SKIDIKR0019,RUDAVA,2,158,1,3,184,0,0,0,0,0,0,1,0,0,0,0,1,0
SKIDIKR0024,NITRA,1,12,39,2,458,0,0,0,0,0,0,1,0,0,0,1,0,0
SKIDIKR0026,HOSTIANSKY POTOK,2,46,10,2,269,0,0,0,0,0,0,1,0,0,0,0,1,0
SKIDIKR0027,TUZINA,1,26,10,2,436,0,0,0,0,0,0,1,0,0,0,1,0,0
SKIDIKR0028,BYSTRICA_3,2,14,69,2,564,0,0,0,0,0,0,1,0,0,0,0,1,0
SKIDIKR0030,POPRAD,2,44,30,3,842,0,0,0,0,0,0,1,0,0,0,0,1,0
SKIDIKR0035,VELKY STUDENY P.,2,21,72,3,1014,0,0,0,0,0,0,1,0,0,0,0,1,0
SKIDIKR0037,HRON,2,30,10,3,816,0,0,0,0,0,0,1,0,0,0,0,1,0
SKIDIKR0039,HRON,2,194,8,4,646,0,0,0,0,0,0,1,0,0,0,0,1,0
SKIDIKR0040,HRON,2,273,4,4,610,0,0,0,0,0,0,1,0,0,0,0,1,0
SKIDIKR0050,BYSTRICA_1,1,15,52,2,722,0,0,0,0,0,0,1,0,0,0,1,0,0
SKIDIKR0053,LUTILSKY P.,2,9,48,2,506,0,0,0,0,0,0,1,0,0,0,0,1,0
SKIDIKR0054,POKUTSKY P.,2,12,51,2,500,0,0,0,0,0,0,1,0,0,0,0,1,0
SKIDIKR0055,POKUTSKY P.,2,17,29,2,414,0,0,0,0,0,0,1,0,0,0,0,1,0
SKIDIKR0056,MOSTENICKY P.,1,12,41,2,536,0,0,0,0,0,0,1,0,0,0,1,0,0
SKIDIKR0064,RIMAVICA,2,149,5,3,271,0,0,0,0,0,0,1,0,0,0,0,1,0
SKIDIKR0066,CIERNY VAH,2,62,12,3,884,0,0,0,0,0,0,1,0,0,0,0,1,0
SKIDIKR0073,ORAVICA,1,70,12,3,685,0,0,0,0,0,0,1,0,0,0,1,0,0
SKIDIKR0078,IPOLTICA,2,83,11,3,774,0,0,0,0,0,0,1,0,0,0,0,1,0
SKIDIKR0079,REVUCA,1,78,11,3,632,0,0,0,0,0,0,1,0,0,0,1,0,0
SKIDIKR0081,DOMANIZANKA,2,44,1,3,361,0,0,0,0,0,0,1,0,0,0,0,1,0
SKIDIKR0084,LUBORCA,1,22,23,1,330,0,0,0,0,0,0,1,0,0,0,1,0,0
SKIDIKR0085,LESNIANKA,1,21,23,3,568,0,0,0,0,0,0,1,0,0,0,1,0,0
SKIDIKR0086,STIAVNICA_1,1,51,28,3,708,0,0,0,0,0,0,1,0,0,0,1,0,0
SKIDIKR0087,GADERSKY P.,1,14,32,2,839,0,0,0,0,0,0,1,0,0,0,1,0,0
SovP0806,Sovra,1,53,3,2,482,0,0,0,0,0,0,1,0,0,0,1,0,0
SovS0806,Sovra,1,29,9,2,496,0,0,0,0,0,0,1,0,0,0,1,0,0
SSRo0806,Seláka Sora,3,48,14,4,571,0,0,0,0,0,0,1,0,0,0,1,0,0
SSZL0806,Seláka Sora,6,52,15,4,546,0,0,1,0,0,0,0,0,0,0,1,0,0
SvSo0706,Savinja,1,45,0,3,729,0,0,0,0,0,0,1,0,0,0,1,0,0
TBJk1079,Trıiáka Bistrica,1,56,50,3,604,0,0,0,0,0,0,1,0,0,0,1,0,0
WAL118010,Nothomberbach,6,26,10,2,300,0,0,1,0,0,0,0,0,0,0,1,0,0
WAL121006,Laclaireau,5,40,7,2,242,0,0,1,0,0,0,0,0,0,0,0,1,0
WAL151002,Longlier,4,44,5,2,400,0,0,1,0,0,0,0,0,0,0,0,1,0
WAL160001,Semois,4,765,0,4,306,0,0,1,0,0,0,0,0,0,0,0,1,0
WAL161003,Semois,4,811,2,4,288,0,0,1,0,0,0,0,0,0,0,0,1,0
WAL161004,Semois,4,765,0,4,306,0,0,1,0,0,0,0,0,0,0,0,1,0
WAL163012,Aise,5,14,13,1,294,0,0,1,0,0,0,0,0,0,0,0,1,0
WAL166001,Aleines,4,88,11,3,255,0,0,1,0,0,0,0,0,0,0,0,1,0
WAL166007,Aleines,4,88,11,3,255,0,0,1,0,0,0,0,0,0,0,0,1,0
WAL172006,Liresse,5,13,29,1,267,0,0,1,0,0,0,0,0,0,0,0,1,0
WAL173008,Rebay,5,14,20,1,242,0,0,1,0,0,0,0,0,0,0,0,1,0
WAL173010,Gros Fays,5,18,31,1,284,0,0,1,0,0,0,0,0,0,0,0,1,0
WAL175001,Semois,4,1263,2,4,169,0,0,1,0,0,0,0,0,0,0,0,1,0
WAL175006,Semois,4,1252,1,4,176,0,0,1,0,0,0,0,0,0,0,0,1,0
WAL175016,Membre,5,17,22,1,242,0,0,1,0,0,0,0,0,0,0,0,1,0
WAL200002,Houille,5,114,7,3,213,0,0,1,0,0,0,0,0,0,0,0,1,0
WAL211001,Lesse,5,91,9,3,320,0,0,1,0,0,0,0,0,0,0,0,1,0
WAL211003,Lesse,5,68,7,3,338,0,0,1,0,0,0,0,0,0,0,0,1,0
WAL211004,Lesse,5,41,13,2,362,0,0,1,0,0,0,0,0,0,0,0,1,0
WAL211009,Lesse,5,202,5,3,261,0,0,1,0,0,0,0,0,0,0,0,1,0
WAL212004,Mache,5,86,8,3,259,0,0,1,0,0,0,0,0,0,0,0,1,0
WAL212005,Mache,5,86,8,3,259,0,0,1,0,0,0,0,0,0,0,0,1,0
WAL214001,Lesse,4,303,4,4,228,0,0,1,0,0,0,0,0,0,0,0,1,0
WAL232008,Hauval,5,16,24,2,288,0,0,1,0,0,0,0,0,0,0,0,1,0
WAL233008,Masblette,5,43,13,2,238,0,0,1,0,0,0,0,0,0,0,0,1,0
WAL234001,Lhomme,4,477,3,4,152,0,0,1,0,0,0,0,0,0,0,0,1,0
WAL234014,Lhomme,5,477,3,4,152,0,0,1,0,0,0,0,0,0,0,0,1,0
WAL234023,Lhomme,4,477,3,4,152,0,0,1,0,0,0,0,0,0,0,0,1,0
WAL240001,Wimbe,4,18,14,2,282,0,0,1,0,0,0,0,0,0,0,0,1,0
WAL240016,Wimbe,4,114,3,3,150,0,0,1,0,0,0,0,0,0,0,0,1,0
WAL243002,Lesse,4,1080,0,5,137,0,0,1,0,0,0,0,0,0,0,0,1,0
WAL244003,Lesse,4,1167,5,5,134,0,0,1,0,0,0,0,0,0,0,0,1,0
WAL245001,Yvoigne,5,51,9,2,190,0,0,1,0,0,0,0,0,0,0,0,1,0
WAL246004,Lesse,5,1338,3,5,103,0,0,1,0,0,0,0,0,0,0,0,1,0
WAL246007,Lesse,4,1318,6,5,118,0,0,1,0,0,0,0,0,0,0,0,1,0
WAL246008,Lesse,4,1338,3,5,103,0,0,1,0,0,0,0,0,0,0,0,1,0
WAL320001,Eau Noire,4,103,5,2,236,0,0,1,0,0,0,0,0,0,0,0,1,0
WAL321001,Forge au Prince,5,47,11,2,240,0,0,1,0,0,0,0,0,0,0,0,1,0
WAL331001,Luve,5,30,16,1,208,0,0,1,0,0,0,0,0,0,0,0,1,0
WAL602001,Laval,4,78,7,2,396,0,0,1,0,0,0,0,0,0,0,0,1,0
WAL607001,Ourthe Occidentale,4,388,3,4,312,0,0,1,0,0,0,0,0,0,0,0,1,0
WAL607005,Ourthe occidentale,4,388,3,4,312,0,0,1,0,0,0,0,0,0,0,0,1,0
WAL615001,Ourthe Orientale,4,325,4,3,298,0,0,1,0,0,0,0,0,0,0,0,1,0
WAL620009,Ourthe,5,755,4,4,258,0,0,1,0,0,0,0,0,0,0,0,1,0
WAL624005,Ourthe,6,933,1,4,184,0,0,1,0,0,0,0,0,0,0,1,0,0
WAL632011,Aisne,7,192,9,3,146,0,0,1,0,0,0,0,0,0,0,1,0,0
WAL640015,Somme,5,39,9,2,159,0,0,1,0,0,0,0,0,0,0,0,1,0
